Timestamp,11,13,22,21,12,23,Heater Thermistor (Â°C),Heater State,PID Output
2026-01-20T11:33:58.681234,22.25,23.00,22.75,22.50,23.00,23.25,48.25,On,1.000
2026-01-20T11:34:00.681779,22.25,23.00,22.75,22.75,23.00,23.50,48.51,On,1.000
2026-01-20T11:34:02.682255,22.25,23.00,22.75,22.75,23.00,23.50,48.93,On,1.000
2026-01-20T11:34:04.682648,22.50,23.00,22.75,22.75,23.00,23.50,49.29,On,1.000
2026-01-20T11:34:06.683106,22.50,23.00,23.00,22.75,23.00,23.50,49.55,On,1.000
2026-01-20T11:34:08.683628,22.50,23.25,23.00,22.75,23.00,23.50,49.95,On,1.000
2026-01-20T11:34:10.684198,22.50,23.00,23.00,22.75,23.00,23.50,50.22,On,1.000
2026-01-20T11:34:12.684732,22.50,23.25,23.00,22.75,23.00,23.75,50.59,On,1.000
2026-01-20T11:34:14.688400,22.50,23.25,23.00,22.75,23.00,23.75,50.93,On,1.000
2026-01-20T11:34:16.688857,22.50,23.25,23.00,22.75,23.00,23.75,51.14,On,1.000
2026-01-20T11:34:18.689315,22.50,23.25,23.25,22.75,23.25,23.75,51.38,On,1.000
2026-01-20T11:34:20.689836,22.75,23.25,23.25,23.00,23.25,23.75,51.58,On,1.000
2026-01-20T11:34:22.690371,22.75,23.50,23.25,23.00,23.25,24.00,51.86,On,1.000
2026-01-20T11:34:24.690899,22.75,23.50,23.25,23.00,23.25,24.00,52.25,On,1.000
2026-01-20T11:34:26.691301,22.75,23.50,23.25,23.00,23.25,24.00,52.36,On,1.000
2026-01-20T11:34:28.691751,22.75,23.50,23.25,23.00,23.25,24.00,52.64,On,1.000
2026-01-20T11:34:30.692255,23.00,23.50,23.25,23.00,23.25,24.25,53.03,On,1.000
2026-01-20T11:34:32.692802,23.00,23.75,23.50,23.00,23.50,24.25,53.07,On,1.000
2026-01-20T11:34:34.693330,23.00,23.75,23.50,23.25,23.50,24.25,53.40,On,1.000
2026-01-20T11:34:36.693794,23.00,23.75,23.50,23.25,23.50,24.50,53.65,On,1.000
2026-01-20T11:34:38.694259,23.25,23.75,23.50,23.25,23.50,24.50,53.98,On,1.000
2026-01-20T11:34:40.694713,23.25,23.75,23.75,23.25,23.50,24.50,54.09,On,1.000
2026-01-20T11:34:42.695216,23.25,23.75,23.75,23.25,23.75,24.50,54.50,On,1.000
2026-01-20T11:34:44.695746,23.25,24.00,23.75,23.25,23.75,24.50,54.62,On,1.000
2026-01-20T11:34:46.696259,23.50,24.00,23.75,23.25,23.75,24.75,54.96,On,1.000
2026-01-20T11:34:48.696788,23.50,24.00,23.75,23.25,23.75,24.75,55.26,On,1.000
2026-01-20T11:34:50.697271,23.50,24.00,24.00,23.25,24.00,24.75,55.34,On,1.000
2026-01-20T11:34:52.697722,23.50,24.00,24.00,23.50,24.00,25.00,55.60,On,1.000
2026-01-20T11:34:54.698214,23.75,24.00,24.00,23.50,24.00,25.00,55.91,On,1.000
2026-01-20T11:34:56.698726,23.75,24.25,24.00,23.50,24.00,25.00,56.11,On,1.000
2026-01-20T11:34:58.699177,23.75,24.25,24.25,23.50,24.25,25.00,56.34,On,1.000
2026-01-20T11:35:00.699683,23.75,24.25,24.25,23.50,24.25,25.00,56.82,On,1.000
2026-01-20T11:35:02.700166,24.00,24.25,24.25,23.75,24.25,25.25,56.82,On,1.000
2026-01-20T11:35:04.700622,24.00,24.25,24.25,23.75,24.25,25.25,57.22,On,1.000
2026-01-20T11:35:06.701122,24.25,24.50,24.25,23.75,24.50,25.50,57.34,On,1.000
2026-01-20T11:35:08.701585,24.25,24.50,24.50,23.75,24.50,25.50,57.58,On,1.000
2026-01-20T11:35:10.702088,24.25,24.50,24.50,23.75,24.50,25.50,57.71,On,1.000
2026-01-20T11:35:12.702607,24.25,24.50,24.50,23.75,24.75,25.75,57.95,On,1.000
2026-01-20T11:35:14.703068,24.50,24.50,24.50,24.00,24.75,25.75,58.20,On,1.000
2026-01-20T11:35:16.703516,24.50,24.50,24.75,24.00,24.75,25.75,58.24,On,1.000
2026-01-20T11:35:18.703969,24.50,24.75,24.75,24.00,24.75,26.00,58.49,On,1.000
2026-01-20T11:35:20.704385,24.75,24.75,24.75,24.00,25.00,26.00,58.66,On,1.000
2026-01-20T11:35:22.704886,24.75,24.75,24.75,24.00,25.00,26.00,58.91,On,1.000
2026-01-20T11:35:24.705374,24.75,24.75,25.00,24.00,25.00,26.25,59.04,On,1.000
2026-01-20T11:35:26.705821,25.00,25.00,25.00,24.25,25.25,26.25,59.33,On,1.000
2026-01-20T11:35:28.706267,25.00,25.00,25.00,24.25,25.25,26.50,59.42,On,1.000
2026-01-20T11:35:30.706670,25.00,25.00,25.00,24.25,25.25,26.50,59.63,On,1.000
2026-01-20T11:35:32.707261,25.25,25.00,25.00,24.25,25.50,26.50,59.93,On,1.000
2026-01-20T11:35:34.707841,25.25,25.00,25.25,24.25,25.50,26.50,60.02,On,1.000
2026-01-20T11:35:36.708320,25.25,25.25,25.25,24.25,25.50,26.75,60.20,On,1.000
2026-01-20T11:35:38.708779,25.50,25.25,25.25,24.50,25.75,26.75,60.42,On,1.000
2026-01-20T11:35:40.709225,25.50,25.25,25.50,24.50,25.75,27.00,60.55,On,1.000
2026-01-20T11:35:42.709742,25.50,25.50,25.50,24.50,25.75,27.00,60.86,On,1.000
2026-01-20T11:35:44.710279,25.75,25.50,25.50,24.50,26.00,27.00,60.81,On,1.000
2026-01-20T11:35:46.710816,25.75,25.50,25.50,24.50,26.00,27.25,60.99,On,1.000
2026-01-20T11:35:48.711299,26.00,25.50,25.50,24.50,26.00,27.25,61.13,On,1.000
2026-01-20T11:35:50.711721,26.00,25.75,25.75,24.75,26.25,27.25,61.26,On,1.000
2026-01-20T11:35:52.712109,26.00,25.75,25.75,24.75,26.25,27.50,61.49,On,1.000
2026-01-20T11:35:54.712620,26.25,25.75,25.75,24.75,26.25,27.50,61.76,On,1.000
2026-01-20T11:35:56.713161,26.25,25.75,26.00,24.75,26.50,27.50,61.81,On,1.000
2026-01-20T11:35:58.713716,26.25,26.00,26.00,24.75,26.50,27.75,61.94,On,1.000
2026-01-20T11:36:00.714205,26.50,26.00,26.00,25.00,26.75,27.75,61.94,On,1.000
2026-01-20T11:36:02.714604,26.50,26.00,26.25,25.00,26.75,28.00,62.17,On,1.000
2026-01-20T11:36:04.715056,26.50,26.00,26.25,25.00,26.75,28.00,62.13,On,1.000
2026-01-20T11:36:06.715572,26.75,26.25,26.50,25.00,26.75,28.00,62.27,On,1.000
2026-01-20T11:36:08.716110,26.75,26.25,26.50,25.00,27.00,28.25,62.69,On,1.000
2026-01-20T11:36:10.716637,27.00,26.25,26.50,25.25,27.00,28.25,62.59,On,1.000
2026-01-20T11:36:12.717129,27.00,26.25,26.75,25.25,27.25,28.25,62.73,On,1.000
2026-01-20T11:36:14.717520,27.00,26.50,26.75,25.25,27.25,28.50,63.06,On,1.000
2026-01-20T11:36:16.718015,27.00,26.50,26.75,25.25,27.25,28.50,63.25,On,1.000
2026-01-20T11:36:18.718556,27.25,26.50,26.75,25.50,27.50,28.75,63.11,On,1.000
2026-01-20T11:36:20.719090,27.25,26.50,27.00,25.50,27.50,28.75,63.30,On,1.000
2026-01-20T11:36:22.719611,27.50,26.75,27.00,25.50,27.50,28.75,63.44,On,1.000
2026-01-20T11:36:24.721759,27.50,26.75,27.00,25.50,27.75,29.00,63.59,On,1.000
2026-01-20T11:36:26.722204,27.50,26.75,27.25,25.75,27.75,29.00,63.73,On,1.000
2026-01-20T11:36:28.722703,27.75,27.00,27.25,25.75,28.00,29.25,63.88,On,1.000
2026-01-20T11:36:30.723230,27.75,27.00,27.50,25.75,28.00,29.25,63.83,On,1.000
2026-01-20T11:36:32.723762,28.00,27.00,27.50,26.00,28.00,29.25,64.02,On,1.000
2026-01-20T11:36:34.724234,28.00,27.00,27.50,26.00,28.25,29.50,64.12,On,1.000
2026-01-20T11:36:36.724716,28.00,27.25,27.75,26.00,28.25,29.50,64.32,On,1.000
2026-01-20T11:36:38.725173,28.25,27.25,27.50,26.00,28.25,29.75,64.61,On,1.000
2026-01-20T11:36:40.725678,28.25,27.25,27.75,26.00,28.50,29.75,64.56,On,1.000
2026-01-20T11:36:42.726224,28.25,27.25,27.75,26.25,28.50,30.00,64.96,On,1.000
2026-01-20T11:36:44.726723,28.50,27.50,28.00,26.25,28.50,30.00,64.91,On,1.000
2026-01-20T11:36:46.727191,28.50,27.50,28.00,26.50,28.75,30.00,65.01,On,1.000
2026-01-20T11:36:48.727662,28.75,27.50,28.00,26.50,28.75,30.00,65.11,On,1.000
2026-01-20T11:36:50.728122,28.75,27.75,28.25,26.50,28.75,30.25,65.42,On,1.000
2026-01-20T11:36:52.728632,29.00,27.75,28.25,26.50,29.00,30.25,65.42,On,1.000
2026-01-20T11:36:54.729148,29.00,27.75,28.25,26.50,29.00,30.50,65.62,On,1.000
2026-01-20T11:36:56.729544,29.00,28.00,28.25,26.75,29.00,30.50,65.77,On,1.000
2026-01-20T11:36:58.730036,29.25,28.00,28.50,26.75,29.25,30.75,65.98,On,1.000
2026-01-20T11:37:00.730501,29.25,28.00,28.50,26.75,29.25,30.75,65.88,On,1.000
2026-01-20T11:37:02.730968,29.50,28.00,28.75,27.00,29.50,30.75,65.93,On,1.000
2026-01-20T11:37:04.731459,29.50,28.25,28.75,27.00,29.50,31.00,66.29,On,1.000
2026-01-20T11:37:06.731926,29.50,28.25,28.75,27.00,29.75,31.00,66.45,On,1.000
2026-01-20T11:37:08.732306,29.75,28.25,29.00,27.00,29.75,31.25,66.50,On,1.000
2026-01-20T11:37:10.732792,29.75,28.25,29.00,27.25,29.75,31.25,66.45,On,1.000
2026-01-20T11:37:12.733230,29.75,28.50,29.00,27.25,30.00,31.25,66.60,On,1.000
2026-01-20T11:37:14.733663,30.00,28.50,29.25,27.25,30.00,31.50,66.60,On,1.000
2026-01-20T11:37:16.734109,30.00,28.50,29.25,27.50,30.00,31.50,66.97,On,1.000
2026-01-20T11:37:18.734594,30.25,28.50,29.25,27.50,30.25,31.75,66.81,On,1.000
2026-01-20T11:37:20.735112,30.25,28.75,29.50,27.50,30.25,31.75,66.87,On,1.000
2026-01-20T11:37:22.735601,30.50,28.75,29.50,27.75,30.50,31.75,67.19,On,1.000
2026-01-20T11:37:24.736047,30.50,28.75,29.50,27.75,30.50,32.00,67.08,On,1.000
2026-01-20T11:37:26.736467,30.50,29.00,29.75,27.75,30.50,32.00,67.13,On,1.000
2026-01-20T11:37:28.736914,30.75,29.00,29.75,28.00,30.75,32.25,67.19,On,1.000
2026-01-20T11:37:30.737414,30.75,29.00,29.75,28.00,30.75,32.25,67.45,On,1.000
2026-01-20T11:37:32.737948,31.00,29.25,30.00,28.00,30.75,32.25,67.51,On,1.000
2026-01-20T11:37:34.738438,31.00,29.25,30.00,28.00,31.00,32.50,67.62,On,1.000
2026-01-20T11:37:36.738888,31.00,29.25,30.25,28.25,31.00,32.50,67.72,On,1.000
2026-01-20T11:37:38.739318,31.25,29.50,30.25,28.25,31.00,32.75,67.83,On,1.000
2026-01-20T11:37:40.739747,31.25,29.50,30.25,28.25,31.25,32.75,68.11,On,1.000
2026-01-20T11:37:42.740268,31.25,29.50,30.25,28.50,31.25,32.75,68.05,On,1.000
2026-01-20T11:37:44.740816,31.50,29.75,30.50,28.50,31.50,33.00,68.22,On,1.000
2026-01-20T11:37:46.741721,31.50,29.75,30.50,28.50,31.50,33.00,68.27,On,1.000
2026-01-20T11:37:48.742135,31.75,29.75,30.75,28.75,31.50,33.25,68.60,On,1.000
2026-01-20T11:37:50.742506,31.75,30.00,30.75,28.75,31.75,33.25,68.66,On,1.000
2026-01-20T11:37:52.742987,31.75,30.00,30.75,28.75,31.75,33.25,68.72,On,1.000
2026-01-20T11:37:54.743490,32.00,30.00,31.00,28.75,32.00,33.50,68.83,On,1.000
2026-01-20T11:37:56.744007,32.00,30.25,31.00,29.00,32.00,33.50,68.77,On,1.000
2026-01-20T11:37:58.744464,32.25,30.25,31.00,29.00,32.00,33.75,69.00,On,1.000
2026-01-20T11:38:00.744849,32.25,30.25,31.25,29.00,32.25,33.75,69.00,On,1.000
2026-01-20T11:38:02.745314,32.50,30.50,31.25,29.25,32.25,33.75,69.17,On,1.000
2026-01-20T11:38:04.745839,32.50,30.50,31.25,29.25,32.50,34.00,69.22,On,1.000
2026-01-20T11:38:06.746395,32.75,30.50,31.50,29.25,32.50,34.00,69.39,On,1.000
2026-01-20T11:38:08.746930,32.75,30.75,31.50,29.50,32.50,34.25,69.17,On,1.000
2026-01-20T11:38:10.747385,32.75,30.75,31.75,29.50,32.75,34.25,69.34,On,1.000
2026-01-20T11:38:12.747808,33.00,30.75,31.75,29.50,32.75,34.50,69.45,On,1.000
2026-01-20T11:38:14.748303,33.00,31.00,31.75,29.75,33.00,34.50,69.68,On,1.000
2026-01-20T11:38:16.748863,33.00,31.00,31.75,29.75,33.00,34.50,69.56,On,1.000
2026-01-20T11:38:18.749400,33.25,31.00,32.00,29.75,33.00,34.75,69.62,On,1.000
2026-01-20T11:38:20.749925,33.25,31.25,32.00,30.00,33.25,34.75,69.62,On,1.000
2026-01-20T11:38:22.750355,33.50,31.25,32.25,30.00,33.25,35.00,69.91,On,1.000
2026-01-20T11:38:24.750806,33.50,31.25,32.25,30.00,33.25,35.00,70.03,On,1.000
2026-01-20T11:38:26.751315,33.50,31.50,32.25,30.25,33.50,35.25,70.03,On,1.000
2026-01-20T11:38:28.751838,33.75,31.50,32.50,30.25,33.50,35.25,70.08,On,1.000
2026-01-20T11:38:30.752336,33.75,31.50,32.50,30.25,33.75,35.25,70.14,On,1.000
2026-01-20T11:38:32.752835,34.00,31.75,32.75,30.25,33.75,35.50,70.38,On,1.000
2026-01-20T11:38:34.753230,34.00,31.75,32.75,30.50,33.75,35.50,70.44,On,1.000
2026-01-20T11:38:36.753690,34.00,32.00,32.75,30.50,34.00,35.50,70.55,On,1.000
2026-01-20T11:38:38.754200,34.25,32.00,33.00,30.75,34.00,35.75,70.67,On,1.000
2026-01-20T11:38:40.754737,34.25,32.00,33.00,30.75,34.25,35.75,70.73,On,1.000
2026-01-20T11:38:42.755250,34.25,32.25,33.00,30.75,34.25,36.00,71.03,On,1.000
2026-01-20T11:38:44.755706,34.50,32.25,33.25,31.00,34.50,36.00,70.91,On,1.000
2026-01-20T11:38:46.756164,34.50,32.25,33.25,31.00,34.50,36.25,71.09,On,1.000
2026-01-20T11:38:48.756624,34.75,32.50,33.25,31.00,34.50,36.25,71.15,On,1.000
2026-01-20T11:38:50.757136,34.75,32.50,33.50,31.25,34.75,36.25,71.21,On,1.000
2026-01-20T11:38:52.757645,34.75,32.50,33.50,31.25,34.75,36.50,71.33,On,1.000
2026-01-20T11:38:54.758057,35.00,32.75,33.75,31.50,35.00,36.50,71.39,On,1.000
2026-01-20T11:38:56.758511,35.00,32.75,33.75,31.25,35.00,36.50,71.39,On,1.000
2026-01-20T11:38:58.758968,35.25,33.00,33.75,31.50,35.00,36.75,71.39,On,1.000
2026-01-20T11:39:00.759427,35.25,33.00,34.00,31.50,35.25,36.75,71.70,On,1.000
2026-01-20T11:39:02.759945,35.50,33.00,34.00,31.75,35.25,37.00,71.76,On,1.000
2026-01-20T11:39:04.760456,35.50,33.25,34.25,31.75,35.50,37.00,71.70,On,1.000
2026-01-20T11:39:06.760935,35.50,33.25,34.25,31.75,35.50,37.25,71.76,On,1.000
2026-01-20T11:39:08.761411,35.75,33.25,34.25,32.00,35.50,37.25,71.82,On,1.000
2026-01-20T11:39:10.761846,35.75,33.25,34.50,32.00,35.75,37.50,71.94,On,1.000
2026-01-20T11:39:12.762292,35.75,33.50,34.50,32.00,35.75,37.50,72.13,On,1.000
2026-01-20T11:39:14.762769,36.00,33.50,34.50,32.25,36.00,37.75,72.06,On,1.000
2026-01-20T11:39:16.763167,36.00,33.75,34.75,32.25,36.00,37.75,72.25,On,1.000
2026-01-20T11:39:18.763668,36.25,33.75,34.75,32.25,36.00,37.75,72.37,On,1.000
2026-01-20T11:39:20.764144,36.25,33.75,35.00,32.50,36.25,38.00,72.56,On,1.000
2026-01-20T11:39:22.764592,36.25,34.00,35.00,32.50,36.25,38.00,72.56,On,1.000
2026-01-20T11:39:24.765039,36.50,34.00,35.00,32.75,36.25,38.00,72.56,On,1.000
2026-01-20T11:39:26.765500,36.50,34.25,35.25,32.75,36.50,38.25,72.88,On,1.000
2026-01-20T11:39:28.765945,36.75,34.25,35.25,32.75,36.50,38.25,72.88,On,1.000
2026-01-20T11:39:30.766468,36.75,34.25,35.25,33.00,36.75,38.50,72.88,On,1.000
2026-01-20T11:39:32.766951,36.75,34.50,35.50,33.00,36.75,38.50,72.94,On,1.000
2026-01-20T11:39:34.767402,37.00,34.50,35.50,33.00,37.00,38.75,73.13,On,1.000
2026-01-20T11:39:36.767842,37.00,34.50,35.50,33.25,37.00,38.75,73.00,On,1.000
2026-01-20T11:39:38.768288,37.25,34.75,35.75,33.25,37.00,38.75,73.07,On,1.000
2026-01-20T11:39:40.768819,37.25,34.75,35.75,33.25,37.25,39.00,73.13,On,1.000
2026-01-20T11:39:42.769351,37.25,34.75,36.00,33.50,37.25,39.00,73.26,On,1.000
2026-01-20T11:39:44.769835,37.50,35.00,36.00,33.50,37.50,39.25,73.26,On,1.000
2026-01-20T11:39:46.770278,37.50,35.00,36.25,33.50,37.50,39.25,73.58,On,1.000
2026-01-20T11:39:48.770724,37.50,35.25,36.25,33.75,37.50,39.25,73.45,On,1.000
2026-01-20T11:39:50.771256,37.75,35.25,36.25,33.75,37.75,39.50,73.84,On,1.000
2026-01-20T11:39:52.771797,37.75,35.25,36.50,33.75,37.75,39.50,73.71,On,1.000
2026-01-20T11:39:54.772340,38.00,35.50,36.50,34.00,38.00,39.75,73.97,On,1.000
2026-01-20T11:39:56.772829,38.00,35.50,36.50,34.00,38.00,39.75,74.17,On,1.000
2026-01-20T11:39:58.773258,38.25,35.50,36.75,34.00,38.00,39.75,74.04,On,1.000
2026-01-20T11:40:00.773690,38.25,35.75,36.75,34.25,38.25,40.00,74.17,On,1.000
2026-01-20T11:40:02.774231,38.25,35.75,36.75,34.25,38.25,40.00,74.17,On,1.000
2026-01-20T11:40:04.774762,38.50,35.75,37.00,34.25,38.50,40.25,74.37,On,1.000
2026-01-20T11:40:06.775299,38.50,36.00,37.00,34.50,38.50,40.25,74.37,On,1.000
2026-01-20T11:40:08.775755,38.75,36.00,37.25,34.50,38.50,40.25,74.50,On,1.000
2026-01-20T11:40:10.776159,38.75,36.25,37.25,34.75,38.75,40.50,74.57,On,1.000
2026-01-20T11:40:12.776667,38.75,36.25,37.25,34.75,38.75,40.50,74.63,On,1.000
2026-01-20T11:40:14.777219,39.00,36.25,37.50,34.75,39.00,40.75,74.90,On,1.000
2026-01-20T11:40:16.777754,39.00,36.50,37.50,35.00,39.00,40.75,75.04,On,1.000
2026-01-20T11:40:18.778290,39.00,36.50,37.75,35.00,39.00,41.00,75.10,On,1.000
2026-01-20T11:40:20.778721,39.25,36.75,37.75,35.00,39.25,41.00,75.10,On,1.000
2026-01-20T11:40:22.779106,39.25,36.75,37.75,35.25,39.25,41.00,75.24,On,1.000
2026-01-20T11:40:24.779605,39.50,36.75,38.00,35.25,39.50,41.25,75.31,On,1.000
2026-01-20T11:40:26.780139,39.50,37.00,38.00,35.25,39.50,41.25,75.24,On,1.000
2026-01-20T11:40:28.780655,39.50,37.00,38.25,35.50,39.75,41.50,75.17,On,1.000
2026-01-20T11:40:30.781150,39.75,37.00,38.25,35.50,39.75,41.50,75.24,On,1.000
2026-01-20T11:40:32.781578,39.75,37.25,38.25,35.75,39.75,41.50,75.31,On,1.000
2026-01-20T11:40:34.782038,40.00,37.25,38.50,35.75,40.00,41.75,75.58,On,1.000
2026-01-20T11:40:36.782555,40.00,37.25,38.50,35.75,40.00,41.75,75.37,On,1.000
2026-01-20T11:40:38.783098,40.00,37.50,38.50,36.00,40.25,41.75,75.51,On,1.000
2026-01-20T11:40:40.783628,40.25,37.50,38.75,36.00,40.25,42.00,75.51,On,1.000
2026-01-20T11:40:42.784039,40.25,37.75,38.75,36.00,40.25,42.00,75.79,On,1.000
2026-01-20T11:40:44.784473,40.50,37.75,39.00,36.00,40.50,42.25,75.86,On,1.000
2026-01-20T11:40:46.784916,40.50,37.75,39.00,36.25,40.50,42.25,76.00,On,1.000
2026-01-20T11:40:48.785409,40.50,38.00,39.00,36.25,40.75,42.50,76.07,On,1.000
2026-01-20T11:40:50.785936,40.75,38.00,39.25,36.50,40.75,42.50,76.07,On,1.000
2026-01-20T11:40:52.786438,40.75,38.25,39.25,36.50,40.75,42.50,76.00,On,1.000
2026-01-20T11:40:54.786835,41.00,38.25,39.50,36.50,41.00,42.75,76.20,On,1.000
2026-01-20T11:40:56.787274,41.00,38.25,39.50,36.75,41.00,42.75,76.20,On,1.000
2026-01-20T11:40:58.787740,41.00,38.50,39.50,36.75,41.25,42.75,76.07,On,1.000
2026-01-20T11:41:00.788240,41.00,38.50,39.75,37.00,41.25,43.00,76.49,On,1.000
2026-01-20T11:41:02.788755,41.25,38.50,39.75,37.00,41.25,43.00,76.56,On,1.000
2026-01-20T11:41:04.789237,41.25,38.75,40.00,37.00,41.50,43.25,76.70,On,1.000
2026-01-20T11:41:06.789704,41.50,38.75,40.00,37.00,41.50,43.25,76.70,On,1.000
2026-01-20T11:41:08.790153,41.50,39.00,40.00,37.25,41.75,43.25,76.77,On,1.000
2026-01-20T11:41:10.790625,41.75,39.00,40.25,37.25,41.75,43.50,77.06,On,1.000
2026-01-20T11:41:12.791128,41.75,39.00,40.25,37.50,41.75,43.50,77.13,On,1.000
2026-01-20T11:41:14.791615,41.75,39.25,40.25,37.50,42.00,43.75,77.06,On,1.000
2026-01-20T11:41:16.792062,42.00,39.25,40.50,37.50,42.25,43.75,77.13,On,1.000
2026-01-20T11:41:18.792549,42.00,39.50,40.50,37.75,42.25,44.00,77.27,On,1.000
2026-01-20T11:41:20.793017,42.00,39.50,40.75,37.75,42.25,44.00,77.20,On,1.000
2026-01-20T11:41:22.793463,42.00,39.50,40.75,37.75,42.50,44.00,77.42,On,1.000
2026-01-20T11:41:24.793926,42.25,39.50,40.75,38.00,42.50,44.25,77.34,On,1.000
2026-01-20T11:41:26.794362,42.25,39.75,41.00,38.00,42.50,44.25,77.71,On,1.000
2026-01-20T11:41:28.794875,42.50,39.75,41.00,38.00,42.75,44.50,77.64,On,1.000
2026-01-20T11:41:30.795340,42.50,40.00,41.25,38.25,42.75,44.50,77.78,On,1.000
2026-01-20T11:41:32.795792,42.75,40.00,41.25,38.25,43.00,44.50,77.71,On,1.000
2026-01-20T11:41:34.796233,42.75,40.00,41.25,38.50,43.00,44.75,77.86,On,1.000
2026-01-20T11:41:36.796704,42.75,40.25,41.50,38.50,43.25,44.75,77.93,On,1.000
2026-01-20T11:41:38.797204,43.00,40.25,41.50,38.50,43.25,44.75,78.15,On,1.000
2026-01-20T11:41:40.797723,43.00,40.25,41.75,38.75,43.25,45.00,78.38,On,1.000
2026-01-20T11:41:42.798208,43.00,40.50,41.75,38.75,43.50,45.00,78.30,On,1.000
2026-01-20T11:41:44.798657,43.25,40.50,41.75,38.75,43.50,45.25,78.53,On,1.000
2026-01-20T11:41:46.799098,43.25,40.75,42.00,39.00,43.75,45.25,78.45,On,1.000
2026-01-20T11:41:48.799543,43.50,40.75,42.00,39.00,43.75,45.25,78.68,On,1.000
2026-01-20T11:41:50.800069,43.50,40.75,42.00,39.25,43.75,45.50,78.45,On,1.000
2026-01-20T11:41:52.800605,43.50,41.00,42.25,39.25,44.00,45.50,78.83,On,1.000
2026-01-20T11:41:54.801092,43.75,41.00,42.25,39.25,44.00,45.75,78.83,On,1.000
2026-01-20T11:41:56.801498,43.75,41.25,42.25,39.50,44.25,45.75,78.75,On,1.000
2026-01-20T11:41:58.801936,44.00,41.25,42.50,39.50,44.25,46.00,78.90,On,1.000
2026-01-20T11:42:00.802439,44.00,41.25,42.50,39.50,44.25,46.00,78.83,On,1.000
2026-01-20T11:42:02.802949,44.00,41.50,42.75,39.75,44.50,46.00,78.83,On,1.000
2026-01-20T11:42:04.803460,44.00,41.50,42.75,39.75,44.50,46.25,78.90,On,1.000
2026-01-20T11:42:06.803923,44.25,41.75,43.00,40.00,44.50,46.25,78.90,On,1.000
2026-01-20T11:42:08.804332,44.25,41.75,43.00,40.00,44.75,46.25,78.90,On,1.000
2026-01-20T11:42:10.804836,44.25,41.75,43.00,40.00,44.75,46.50,78.98,On,1.000
2026-01-20T11:42:12.805366,44.50,42.00,43.25,40.00,44.75,46.50,79.06,On,1.000
2026-01-20T11:42:14.805885,44.50,42.00,43.25,40.25,45.00,46.50,79.21,On,1.000
2026-01-20T11:42:16.806366,44.75,42.00,43.25,40.25,45.00,46.75,79.21,On,1.000
2026-01-20T11:42:18.806774,44.75,42.25,43.50,40.50,45.25,46.75,79.44,On,1.000
2026-01-20T11:42:20.807156,44.75,42.25,43.50,40.50,45.25,47.00,79.29,On,1.000
2026-01-20T11:42:22.807663,45.00,42.50,43.50,40.50,45.50,47.00,79.44,On,1.000
2026-01-20T11:42:24.808194,45.00,42.50,43.75,40.75,45.50,47.00,79.75,On,1.000
2026-01-20T11:42:26.808735,45.25,42.75,44.00,40.75,45.50,47.25,79.75,On,1.000
2026-01-20T11:42:28.809205,45.25,42.75,44.00,41.00,45.75,47.25,79.91,On,1.000
2026-01-20T11:42:30.809594,45.25,42.75,44.00,41.00,45.75,47.50,79.99,On,1.000
2026-01-20T11:42:32.810053,45.50,42.75,44.00,41.00,46.00,47.50,79.91,On,1.000
2026-01-20T11:42:34.810562,45.50,43.00,44.25,41.00,46.00,47.50,79.99,On,1.000
2026-01-20T11:42:36.811092,45.50,43.00,44.25,41.25,46.00,47.75,80.22,On,1.000
2026-01-20T11:42:38.811538,45.75,43.25,44.50,41.25,46.25,47.75,80.14,On,1.000
2026-01-20T11:42:40.811911,45.75,43.25,44.50,41.50,46.25,48.00,80.22,On,1.000
2026-01-20T11:42:42.812257,45.75,43.50,44.75,41.50,46.50,48.00,80.46,On,1.000
2026-01-20T11:42:44.812704,46.00,43.50,44.75,41.50,46.50,48.00,80.38,On,1.000
2026-01-20T11:42:46.813203,46.00,43.50,44.75,41.75,46.75,48.25,80.46,On,1.000
2026-01-20T11:42:48.813749,46.00,43.50,45.00,41.75,46.75,48.25,80.46,On,1.000
2026-01-20T11:42:50.814210,46.25,43.75,45.00,41.75,46.75,48.50,80.78,On,1.000
2026-01-20T11:42:52.814570,46.25,43.75,45.00,42.00,47.00,48.50,80.78,On,1.000
2026-01-20T11:42:54.814997,46.25,44.00,45.25,42.00,47.00,48.50,80.94,On,1.000
2026-01-20T11:42:56.815429,46.50,44.00,45.25,42.00,47.00,48.75,80.94,On,1.000
2026-01-20T11:42:58.815931,46.50,44.00,45.25,42.25,47.25,48.75,81.02,On,1.000
2026-01-20T11:43:00.816454,46.50,44.25,45.50,42.25,47.25,48.75,81.19,On,1.000
2026-01-20T11:43:02.816951,46.75,44.25,45.50,42.25,47.50,49.00,81.19,On,1.000
2026-01-20T11:43:04.817425,46.75,44.50,45.75,42.50,47.50,49.00,81.11,On,1.000
2026-01-20T11:43:06.817868,47.00,44.50,45.75,42.50,47.50,49.25,81.27,On,1.000
2026-01-20T11:43:08.818324,47.00,44.50,45.75,42.50,47.75,49.25,81.43,On,1.000
2026-01-20T11:43:10.818816,47.00,44.75,46.00,42.75,47.75,49.25,81.60,On,1.000
2026-01-20T11:43:12.819293,47.25,44.75,46.00,42.75,48.00,49.50,81.43,On,1.000
2026-01-20T11:43:14.819671,47.25,45.00,46.25,43.00,48.00,49.50,81.52,On,1.000
2026-01-20T11:43:16.820122,47.25,45.00,46.25,43.00,48.00,49.50,81.68,On,1.000
2026-01-20T11:43:18.820560,47.50,45.00,46.25,43.00,48.25,49.75,81.68,On,1.000
2026-01-20T11:43:20.821037,47.50,45.25,46.50,43.25,48.25,49.75,81.76,On,1.000
2026-01-20T11:43:22.821511,47.50,45.25,46.50,43.25,48.50,50.00,81.93,On,1.000
2026-01-20T11:43:24.821983,47.75,45.25,46.50,43.50,48.50,50.00,82.10,On,1.000
2026-01-20T11:43:26.822482,47.75,45.50,46.75,43.50,48.50,50.25,82.10,On,1.000
2026-01-20T11:43:28.822945,47.75,45.50,46.75,43.50,48.75,50.25,82.35,On,1.000
2026-01-20T11:43:30.823383,48.00,45.75,46.75,43.50,48.75,50.25,82.27,On,1.000
2026-01-20T11:43:32.823849,48.00,45.75,47.00,43.75,48.75,50.25,82.35,On,1.000
2026-01-20T11:43:34.824281,48.00,45.75,47.00,43.75,49.00,50.50,82.27,On,1.000
2026-01-20T11:43:36.824728,48.25,46.00,47.25,44.00,49.00,50.50,82.43,On,1.000
2026-01-20T11:43:38.825265,48.25,46.00,47.25,44.00,49.25,50.50,82.43,On,1.000
2026-01-20T11:43:40.825738,48.25,46.00,47.50,44.00,49.25,50.75,82.69,On,1.000
2026-01-20T11:43:42.826166,48.50,46.25,47.50,44.25,49.25,50.75,82.52,On,1.000
2026-01-20T11:43:44.826612,48.50,46.25,47.50,44.25,49.50,51.00,82.52,On,1.000
2026-01-20T11:43:46.827053,48.75,46.50,47.75,44.50,49.50,51.00,82.69,On,1.000
2026-01-20T11:43:48.827577,48.75,46.50,47.75,44.50,49.75,51.00,82.69,On,1.000
2026-01-20T11:43:50.828103,49.00,46.50,47.75,44.50,49.75,51.25,82.86,On,1.000
2026-01-20T11:43:52.828574,49.00,46.75,48.00,44.75,50.00,51.25,83.12,On,1.000
2026-01-20T11:43:54.828986,49.00,46.75,48.00,44.75,50.00,51.25,83.29,On,1.000
2026-01-20T11:43:56.829410,49.25,47.00,48.25,44.75,50.00,51.50,83.21,On,1.000
2026-01-20T11:43:58.829900,49.25,47.00,48.25,45.00,50.25,51.50,83.21,On,1.000
2026-01-20T11:44:00.830401,49.25,47.00,48.25,45.00,50.25,51.50,83.47,On,1.000
2026-01-20T11:44:02.832826,49.50,47.25,48.50,45.00,50.50,51.75,83.47,On,1.000
2026-01-20T11:44:04.836955,49.50,47.25,48.50,45.25,50.50,51.75,83.55,On,1.000
2026-01-20T11:44:06.837327,49.50,47.50,48.75,45.25,50.50,52.00,83.55,On,1.000
2026-01-20T11:44:08.837757,49.75,47.50,48.75,45.50,50.75,52.00,83.47,On,1.000
2026-01-20T11:44:10.838278,49.75,47.50,48.75,45.50,50.75,52.25,83.47,On,1.000
2026-01-20T11:44:12.838816,49.75,47.75,49.00,45.50,50.75,52.25,83.47,On,1.000
2026-01-20T11:44:14.839299,50.00,47.75,49.00,45.50,51.00,52.25,83.73,On,1.000
2026-01-20T11:44:16.839726,50.00,47.75,49.00,45.75,51.00,52.50,83.91,On,1.000
2026-01-20T11:44:18.840069,50.00,48.00,49.25,45.75,51.25,52.50,83.82,On,1.000
2026-01-20T11:44:20.840543,50.25,48.00,49.25,45.75,51.25,52.50,84.00,On,1.000
2026-01-20T11:44:22.841054,50.25,48.00,49.25,46.00,51.25,52.75,83.91,On,1.000
2026-01-20T11:44:24.841561,50.25,48.25,49.50,46.00,51.50,52.75,84.00,On,1.000
2026-01-20T11:44:26.842038,50.25,48.25,49.50,46.00,51.50,52.75,84.17,On,1.000
2026-01-20T11:44:28.842422,50.50,48.50,49.50,46.25,51.75,53.00,84.00,On,1.000
2026-01-20T11:44:30.842794,50.50,48.50,49.75,46.25,51.75,53.00,84.17,On,1.000
2026-01-20T11:44:32.843307,50.75,48.75,49.75,46.50,51.75,53.00,84.35,On,1.000
2026-01-20T11:44:34.843837,50.75,48.75,50.00,46.50,51.75,53.25,84.44,On,1.000
2026-01-20T11:44:36.844357,50.75,48.75,50.00,46.75,52.00,53.25,84.35,On,1.000
2026-01-20T11:44:38.844803,51.00,49.00,50.00,46.75,52.00,53.50,84.72,On,1.000
2026-01-20T11:44:40.845242,51.00,49.00,50.25,46.75,52.25,53.50,84.81,On,1.000
2026-01-20T11:44:42.845702,51.00,49.00,50.25,46.75,52.25,53.50,84.90,On,1.000
2026-01-20T11:44:44.846230,51.25,49.25,50.25,47.00,52.25,53.75,84.72,On,1.000
2026-01-20T11:44:46.846770,51.25,49.25,50.50,47.00,52.50,53.75,84.99,On,1.000
2026-01-20T11:44:48.847299,51.25,49.50,50.50,47.25,52.50,54.00,84.81,On,1.000
2026-01-20T11:44:50.847724,51.50,49.50,50.75,47.25,52.50,54.00,84.99,On,1.000
2026-01-20T11:44:52.848152,51.50,49.50,50.75,47.25,52.75,54.00,84.99,On,1.000
2026-01-20T11:44:54.848637,51.50,49.75,50.75,47.25,52.75,54.25,85.08,On,1.000
2026-01-20T11:44:56.849207,51.75,49.75,51.00,47.50,52.75,54.25,85.36,On,1.000
2026-01-20T11:44:58.849732,51.75,50.00,51.00,47.50,53.00,54.50,85.27,On,1.000
2026-01-20T11:45:00.850224,51.75,50.00,51.00,47.75,53.00,54.50,85.45,On,1.000
2026-01-20T11:45:02.852816,52.00,50.00,51.25,47.75,53.25,54.50,85.36,On,1.000
2026-01-20T11:45:04.853258,52.00,50.25,51.25,47.75,53.25,54.50,85.64,On,1.000
2026-01-20T11:45:06.853757,52.00,50.25,51.25,48.00,53.50,54.75,85.54,On,1.000
2026-01-20T11:45:08.854281,52.25,50.25,51.50,48.00,53.50,54.75,85.64,On,1.000
2026-01-20T11:45:10.854768,52.25,50.50,51.50,48.00,53.50,55.00,85.64,On,1.000
2026-01-20T11:45:12.855227,52.25,50.50,51.75,48.25,53.75,55.00,85.64,On,1.000
2026-01-20T11:45:14.855693,52.50,50.75,51.75,48.25,53.75,55.00,85.73,On,1.000
2026-01-20T11:45:16.856149,52.50,50.75,51.75,48.50,54.00,55.25,85.92,On,1.000
2026-01-20T11:45:18.856647,52.50,50.75,52.00,48.50,54.00,55.25,85.92,On,1.000
2026-01-20T11:45:20.857159,52.75,51.00,52.00,48.50,54.00,55.25,85.92,On,1.000
2026-01-20T11:45:22.857650,52.75,51.00,52.25,48.75,54.25,55.50,86.11,On,1.000
2026-01-20T11:45:24.858162,52.75,51.25,52.25,48.75,54.25,55.50,86.11,On,1.000
2026-01-20T11:45:26.860885,53.00,51.25,52.25,48.75,54.50,55.50,86.30,On,1.000
2026-01-20T11:45:28.861339,53.00,51.25,52.50,49.00,54.50,55.75,86.30,On,1.000
2026-01-20T11:45:30.861793,53.00,51.50,52.50,49.00,54.75,55.75,86.30,On,1.000
2026-01-20T11:45:32.862248,53.00,51.50,52.75,49.25,54.75,56.00,86.59,On,1.000
2026-01-20T11:45:34.862692,53.25,51.75,52.75,49.25,54.75,56.00,86.39,On,1.000
2026-01-20T11:45:36.863189,53.25,51.75,52.75,49.25,54.75,56.00,86.78,On,1.000
2026-01-20T11:45:38.863657,53.50,51.75,53.00,49.25,55.00,56.25,86.78,On,1.000
2026-01-20T11:45:40.864102,53.50,52.00,53.00,49.50,55.00,56.25,86.78,On,1.000
2026-01-20T11:45:42.864555,53.50,52.00,53.00,49.50,55.25,56.25,86.78,On,1.000
2026-01-20T11:45:44.864996,53.75,52.00,53.25,49.50,55.25,56.50,87.07,On,1.000
2026-01-20T11:45:46.865506,53.75,52.25,53.25,49.75,55.25,56.50,87.17,On,1.000
2026-01-20T11:45:48.865994,53.75,52.25,53.25,49.75,55.50,56.50,86.97,On,1.000
2026-01-20T11:45:50.866445,53.75,52.50,53.50,49.75,55.50,56.75,87.07,On,1.000
2026-01-20T11:45:52.866885,54.00,52.50,53.50,50.00,55.75,56.75,86.97,On,1.000
2026-01-20T11:45:54.867348,54.00,52.75,53.50,50.00,55.75,56.75,87.17,On,1.000
2026-01-20T11:45:56.867797,54.00,52.75,53.75,50.00,55.75,57.00,87.17,On,1.000
2026-01-20T11:45:58.868324,54.25,52.75,53.75,50.25,55.75,57.00,87.17,On,1.000
2026-01-20T11:46:00.868813,54.25,53.00,53.75,50.25,56.00,57.00,87.17,On,1.000
2026-01-20T11:46:02.869255,54.25,53.00,54.00,50.25,56.00,57.25,87.27,On,1.000
2026-01-20T11:46:04.869645,54.50,53.00,54.00,50.50,56.25,57.25,87.37,On,1.000
2026-01-20T11:46:06.869994,54.50,53.25,54.00,50.50,56.25,57.50,87.46,On,1.000
2026-01-20T11:46:08.870485,54.50,53.25,54.25,50.50,56.25,57.50,87.46,On,1.000
2026-01-20T11:46:10.870981,54.75,53.50,54.25,50.75,56.50,57.50,87.66,On,1.000
2026-01-20T11:46:12.871427,54.75,53.50,54.50,50.75,56.50,57.50,87.76,On,1.000
2026-01-20T11:46:14.871842,54.75,53.75,54.50,50.75,56.75,57.75,87.86,On,1.000
2026-01-20T11:46:16.872224,55.00,53.75,54.50,51.00,56.75,57.75,87.86,On,1.000
2026-01-20T11:46:18.872750,55.00,53.75,54.75,51.00,56.75,57.75,88.16,On,1.000
2026-01-20T11:46:20.873293,55.00,54.00,54.75,51.25,56.75,58.00,88.06,On,1.000
2026-01-20T11:46:22.873828,55.25,54.00,55.00,51.25,56.75,58.00,88.06,On,1.000
2026-01-20T11:46:24.874299,55.25,54.00,55.00,51.25,57.25,58.00,88.47,On,1.000
2026-01-20T11:46:26.874690,55.25,54.25,55.00,51.50,57.00,58.25,88.27,On,1.000
2026-01-20T11:46:28.875066,55.50,54.25,55.00,51.50,57.25,58.25,88.16,On,1.000
2026-01-20T11:46:30.875558,55.50,54.50,55.25,51.50,57.25,58.25,88.47,On,1.000
2026-01-20T11:46:32.876083,55.50,54.50,55.25,51.75,57.25,58.50,88.37,On,1.000
2026-01-20T11:46:34.876601,55.75,54.50,55.50,51.75,57.50,58.50,88.37,On,1.000
2026-01-20T11:46:36.877821,55.75,54.75,55.50,51.75,57.75,58.50,88.57,On,1.000
2026-01-20T11:46:38.878220,55.75,54.75,55.50,52.00,57.75,58.75,88.57,On,1.000
2026-01-20T11:46:40.878708,55.75,54.75,55.75,52.00,57.75,58.75,88.67,On,1.000
2026-01-20T11:46:42.879227,56.00,55.00,55.75,52.00,58.00,58.75,88.88,On,1.000
2026-01-20T11:46:44.879743,56.00,55.00,56.00,52.25,58.00,59.00,88.78,On,1.000
2026-01-20T11:46:46.880263,56.00,55.00,56.00,52.25,58.00,59.00,88.78,On,1.000
2026-01-20T11:46:48.880712,56.25,55.25,56.00,52.25,58.25,59.00,88.88,On,1.000
2026-01-20T11:46:50.881091,56.25,55.25,56.25,52.50,58.25,59.00,89.09,On,1.000
2026-01-20T11:46:52.881589,56.25,55.50,56.25,52.50,58.50,59.25,89.09,On,1.000
2026-01-20T11:46:54.882117,56.25,55.50,56.25,52.50,58.50,59.25,88.98,On,1.000
2026-01-20T11:46:56.882617,56.50,55.50,56.50,52.75,58.50,59.50,89.19,On,1.000
2026-01-20T11:46:58.883044,56.50,55.75,56.50,52.75,58.75,59.50,89.09,On,1.000
2026-01-20T11:47:00.883399,56.75,55.75,56.75,52.75,58.75,59.50,89.40,On,1.000
2026-01-20T11:47:02.883827,56.75,56.00,56.75,52.75,58.75,59.50,89.40,On,1.000
2026-01-20T11:47:04.884315,56.75,56.00,56.75,53.00,59.00,59.75,89.61,On,1.000
2026-01-20T11:47:06.884816,56.75,56.00,57.00,53.00,59.00,60.00,89.40,On,1.000
2026-01-20T11:47:08.885263,57.00,56.25,57.00,53.00,59.00,60.00,89.72,On,1.000
2026-01-20T11:47:10.885670,57.00,56.25,57.25,53.25,59.25,60.00,89.61,On,1.000
2026-01-20T11:47:12.886122,57.00,56.25,57.25,53.25,59.25,60.00,89.61,On,1.000
2026-01-20T11:47:14.886562,57.00,56.50,57.25,53.25,59.25,60.25,89.82,On,1.000
2026-01-20T11:47:16.887053,57.25,56.50,57.50,53.50,59.50,60.25,89.93,On,1.000
2026-01-20T11:47:18.887572,57.25,56.75,57.50,53.50,59.50,60.25,89.93,On,1.000
2026-01-20T11:47:20.888047,57.50,56.75,57.75,53.75,59.75,60.50,90.14,On,1.000
2026-01-20T11:47:22.888456,57.50,56.75,57.75,53.75,59.75,60.50,89.93,On,1.000
2026-01-20T11:47:24.888900,57.50,57.00,57.75,53.75,59.75,60.75,90.25,On,1.000
2026-01-20T11:47:26.889350,57.50,57.00,58.00,54.00,60.00,60.75,90.25,On,1.000
2026-01-20T11:47:28.889812,57.75,57.00,58.00,54.00,60.00,60.75,90.14,On,1.000
2026-01-20T11:47:30.890212,57.75,57.25,58.00,54.00,60.00,61.00,90.25,On,1.000
2026-01-20T11:47:32.890648,58.00,57.25,58.25,54.00,60.25,61.00,90.25,On,1.000
2026-01-20T11:47:34.891122,58.00,57.50,58.25,54.25,60.25,61.00,90.36,On,1.000
2026-01-20T11:47:36.891559,58.00,57.50,58.25,54.25,60.25,61.25,90.36,On,1.000
2026-01-20T11:47:38.891980,58.00,57.50,58.50,54.50,60.50,61.25,90.69,On,1.000
2026-01-20T11:47:40.892429,58.25,57.75,58.50,54.50,60.50,61.25,90.79,On,1.000
2026-01-20T11:47:42.892895,58.25,57.75,58.50,54.50,60.50,61.50,90.58,On,1.000
2026-01-20T11:47:44.893266,58.25,58.00,58.75,54.50,60.75,61.50,90.79,On,1.000
2026-01-20T11:47:46.893728,58.25,58.00,58.75,54.75,60.75,61.50,90.79,On,1.000
2026-01-20T11:47:48.894152,58.50,58.00,58.75,54.75,61.00,61.75,91.01,On,1.000
2026-01-20T11:47:50.894552,58.50,58.25,59.00,54.75,61.00,61.75,90.79,On,1.000
2026-01-20T11:47:52.894950,58.50,58.25,59.00,55.00,61.00,61.75,90.90,On,1.000
2026-01-20T11:47:54.895349,58.75,58.50,59.00,55.00,61.25,62.00,91.12,On,1.000
2026-01-20T11:47:56.895838,58.75,58.50,59.25,55.25,61.25,62.00,91.24,On,1.000
2026-01-20T11:47:58.896314,58.75,58.50,59.25,55.25,61.25,62.00,91.12,On,1.000
2026-01-20T11:48:00.896749,59.00,58.50,59.25,55.25,61.50,62.25,91.12,On,1.000
2026-01-20T11:48:02.897154,59.00,58.75,59.50,55.50,61.50,62.25,91.35,On,1.000
2026-01-20T11:48:04.897541,59.00,58.75,59.50,55.50,61.50,62.25,91.35,On,1.000
2026-01-20T11:48:06.898025,59.25,58.75,59.50,55.50,61.75,62.25,91.35,On,1.000
2026-01-20T11:48:08.898527,59.25,59.00,59.75,55.50,61.75,62.50,91.57,On,1.000
2026-01-20T11:48:10.898989,59.25,59.00,59.75,55.75,61.75,62.50,91.35,On,1.000
2026-01-20T11:48:12.899424,59.50,59.25,59.75,55.75,62.00,62.50,91.57,On,1.000
2026-01-20T11:48:14.899830,59.50,59.25,60.00,55.75,62.00,62.75,91.80,On,1.000
2026-01-20T11:48:16.900245,59.50,59.25,60.00,56.00,62.00,62.75,91.68,On,1.000
2026-01-20T11:48:18.900778,59.50,59.50,60.00,56.00,62.25,63.00,91.80,On,1.000
2026-01-20T11:48:20.901299,59.75,59.50,60.00,56.00,62.25,63.00,91.91,On,1.000
2026-01-20T11:48:22.901770,59.75,59.50,60.25,56.25,62.25,63.00,91.68,On,1.000
2026-01-20T11:48:24.902159,59.75,59.75,60.25,56.25,62.50,63.25,91.80,On,1.000
2026-01-20T11:48:26.902574,60.00,59.75,60.25,56.25,62.50,63.25,92.14,On,1.000
2026-01-20T11:48:28.903086,60.00,59.75,60.50,56.25,62.50,63.25,92.02,On,1.000
2026-01-20T11:48:30.903602,60.00,60.00,60.50,56.50,62.75,63.50,92.25,On,1.000
2026-01-20T11:48:32.904100,60.00,60.00,60.75,56.50,62.75,63.50,92.14,On,1.000
2026-01-20T11:48:34.904565,60.25,60.25,60.75,56.75,63.00,63.50,92.14,On,1.000
2026-01-20T11:48:36.904942,60.25,60.25,60.75,56.75,63.00,63.75,92.25,On,1.000
2026-01-20T11:48:38.905419,60.25,60.25,60.75,56.75,63.25,63.75,92.25,On,1.000
2026-01-20T11:48:40.905922,60.50,60.50,61.00,56.75,63.25,63.75,92.60,On,1.000
2026-01-20T11:48:42.906437,60.50,60.50,61.00,57.00,63.25,63.75,92.37,On,1.000
2026-01-20T11:48:44.906950,60.50,60.50,61.25,57.00,63.25,64.00,92.60,On,1.000
2026-01-20T11:48:46.908991,60.50,60.75,61.25,57.00,63.50,64.00,92.48,On,1.000
2026-01-20T11:48:48.909373,60.75,60.75,61.50,57.25,63.50,64.00,92.48,On,1.000
2026-01-20T11:48:50.909863,60.75,60.75,61.50,57.25,63.75,64.25,92.48,On,1.000
2026-01-20T11:48:52.910378,60.75,61.00,61.50,57.25,63.75,64.25,92.71,On,1.000
2026-01-20T11:48:54.910894,61.00,61.00,61.50,57.50,63.75,64.25,92.48,On,1.000
2026-01-20T11:48:56.911372,61.00,61.25,61.75,57.50,63.75,64.50,92.83,On,1.000
2026-01-20T11:48:58.911773,61.00,61.25,61.75,57.50,64.00,64.50,92.71,On,1.000
2026-01-20T11:49:00.912208,61.00,61.25,61.75,57.50,64.00,64.50,92.83,On,1.000
2026-01-20T11:49:02.912723,61.25,61.50,62.00,57.75,64.00,64.75,93.06,On,1.000
2026-01-20T11:49:04.913241,61.25,61.50,62.00,57.75,64.25,64.75,92.71,On,1.000
2026-01-20T11:49:06.913733,61.25,61.50,62.25,58.00,64.25,64.75,92.83,On,1.000
2026-01-20T11:49:08.914147,61.50,61.75,62.25,58.00,64.50,65.00,93.18,On,1.000
2026-01-20T11:49:10.914517,61.50,61.75,62.25,58.00,64.50,65.00,93.06,On,1.000
2026-01-20T11:49:12.914972,61.50,61.75,62.25,58.00,64.50,65.00,93.18,On,1.000
2026-01-20T11:49:14.915471,61.75,62.00,62.50,58.25,64.50,65.25,93.18,On,1.000
2026-01-20T11:49:16.915985,61.75,62.00,62.50,58.25,64.75,65.25,93.18,On,1.000
2026-01-20T11:49:18.916452,61.75,62.25,62.50,58.25,64.75,65.25,93.30,On,1.000
2026-01-20T11:49:20.916849,61.75,62.25,62.75,58.50,65.00,65.50,93.42,On,1.000
2026-01-20T11:49:22.917299,62.00,62.25,62.75,58.50,65.00,65.50,93.66,On,1.000
2026-01-20T11:49:24.917750,62.00,62.50,62.75,58.50,65.00,65.50,93.54,On,1.000
2026-01-20T11:49:26.918252,62.00,62.50,63.00,58.50,65.00,65.75,93.90,On,1.000
2026-01-20T11:49:28.918728,62.00,62.50,63.00,58.75,65.25,65.75,93.54,On,1.000
2026-01-20T11:49:30.919189,62.25,62.50,63.00,58.75,65.25,65.75,93.78,On,1.000
2026-01-20T11:49:32.919666,62.25,62.75,63.00,58.75,65.25,65.75,93.78,On,1.000
2026-01-20T11:49:34.920124,62.25,62.75,63.25,59.00,65.50,66.00,94.02,On,1.000
2026-01-20T11:49:36.920578,62.50,63.00,63.25,59.00,65.50,66.00,93.90,On,1.000
2026-01-20T11:49:38.921091,62.50,63.00,63.25,59.25,65.75,66.00,94.02,On,1.000
2026-01-20T11:49:40.921601,62.50,63.00,63.50,59.25,65.75,66.25,94.14,On,1.000
2026-01-20T11:49:42.922061,62.50,63.25,63.50,59.25,65.75,66.25,94.02,On,1.000
2026-01-20T11:49:44.922525,62.75,63.25,63.50,59.50,66.00,66.25,94.14,On,1.000
2026-01-20T11:49:46.922973,62.75,63.25,63.75,59.25,66.00,66.50,94.26,On,1.000
2026-01-20T11:49:48.923412,62.75,63.50,63.75,59.50,66.00,66.50,94.26,On,1.000
2026-01-20T11:49:50.923855,63.00,63.50,64.00,59.50,66.25,66.75,94.63,On,1.000
2026-01-20T11:49:52.924242,63.00,63.50,64.00,59.75,66.25,66.75,94.50,On,1.000
2026-01-20T11:49:54.924743,63.00,63.75,64.00,59.75,66.25,66.75,94.38,On,1.000
2026-01-20T11:49:56.925204,63.00,63.75,64.25,59.75,66.50,66.75,94.50,On,1.000
2026-01-20T11:49:58.925652,63.25,63.75,64.25,59.75,66.50,67.00,94.50,On,1.000
2026-01-20T11:50:00.926067,63.25,64.00,64.50,60.00,66.50,67.00,94.63,On,1.000
2026-01-20T11:50:02.926502,63.25,64.00,64.50,60.00,66.75,67.00,94.63,On,1.000
2026-01-20T11:50:04.926946,63.25,64.00,64.50,60.00,66.75,67.00,94.75,On,1.000
2026-01-20T11:50:06.927469,63.50,64.25,64.50,60.00,66.75,67.25,95.00,On,1.000
2026-01-20T11:50:08.927931,63.50,64.25,64.75,60.25,66.75,67.25,94.75,On,1.000
2026-01-20T11:50:10.928375,63.50,64.25,64.75,60.25,67.00,67.25,95.12,On,1.000
2026-01-20T11:50:12.928830,63.50,64.50,64.75,60.25,67.00,67.50,95.00,On,1.000
2026-01-20T11:50:14.929284,63.75,64.50,65.00,60.50,67.00,67.50,95.00,On,1.000
2026-01-20T11:50:16.929810,63.75,64.50,65.00,60.50,67.25,67.50,95.25,On,1.000
2026-01-20T11:50:18.930341,63.75,64.75,65.00,60.50,67.25,67.50,95.00,On,1.000
2026-01-20T11:50:20.930815,64.00,64.75,65.25,60.50,67.25,67.75,95.00,On,1.000
2026-01-20T11:50:22.931250,64.00,64.75,65.25,60.75,67.50,67.75,95.00,On,1.000
2026-01-20T11:50:24.931984,64.00,65.00,65.25,60.75,67.50,67.75,95.12,On,1.000
2026-01-20T11:50:26.932534,64.00,65.00,65.50,60.75,67.50,68.00,95.12,On,1.000
2026-01-20T11:50:28.935610,64.25,65.00,65.50,61.00,67.75,68.00,95.25,On,1.000
2026-01-20T11:50:30.936182,64.25,65.25,65.50,61.00,67.75,68.00,95.38,On,1.000
2026-01-20T11:50:32.936904,64.25,65.50,65.75,61.00,67.75,68.25,95.38,On,1.000
2026-01-20T11:50:34.937322,64.25,65.50,65.75,61.25,68.00,68.25,95.63,On,1.000
2026-01-20T11:50:36.937768,64.50,65.50,65.75,61.25,68.00,68.25,95.50,On,1.000
2026-01-20T11:50:38.938307,64.50,65.50,65.75,61.25,68.00,68.25,95.38,On,1.000
2026-01-20T11:50:40.938899,64.50,65.50,66.00,61.25,68.25,68.50,95.38,On,1.000
2026-01-20T11:50:42.939973,64.50,65.75,66.00,61.25,68.25,68.50,95.50,On,1.000
2026-01-20T11:50:44.940463,64.50,65.75,66.00,61.50,68.25,68.50,95.50,On,1.000
2026-01-20T11:50:46.940856,64.75,66.00,66.25,61.50,68.50,68.75,95.76,On,1.000
2026-01-20T11:50:48.941378,64.75,66.00,66.25,61.50,68.50,68.75,95.50,On,1.000
2026-01-20T11:50:50.942041,64.75,66.00,66.25,61.75,68.50,68.75,95.88,On,1.000
2026-01-20T11:50:52.943382,65.00,66.25,66.50,61.75,68.75,69.00,95.63,On,1.000
2026-01-20T11:50:54.943877,65.00,66.25,66.50,61.75,68.75,69.00,95.63,On,1.000
2026-01-20T11:50:56.944273,65.00,66.50,66.50,62.00,68.75,69.00,95.63,On,1.000
2026-01-20T11:50:58.944710,65.00,66.50,66.75,62.00,69.00,69.00,96.01,On,1.000
2026-01-20T11:51:00.945232,65.00,66.50,66.75,62.00,69.00,69.25,95.76,On,1.000
2026-01-20T11:51:02.946221,65.25,66.50,66.75,62.00,69.00,69.25,96.01,On,1.000
2026-01-20T11:51:04.946765,65.25,66.75,66.75,62.25,69.00,69.50,95.88,On,1.000
2026-01-20T11:51:06.947214,65.25,66.75,67.00,62.25,69.25,69.50,96.01,On,1.000
2026-01-20T11:51:08.947583,65.50,66.75,67.00,62.25,69.25,69.50,96.14,On,1.000
2026-01-20T11:51:10.948030,65.50,67.00,67.00,62.25,69.25,69.50,96.40,On,1.000
2026-01-20T11:51:12.948595,65.50,67.00,67.25,62.50,69.25,69.75,96.40,On,1.000
2026-01-20T11:51:14.949177,65.50,67.00,67.25,62.50,69.50,69.75,96.40,On,1.000
2026-01-20T11:51:16.949712,65.75,67.25,67.25,62.50,69.50,69.75,96.14,On,1.000
2026-01-20T11:51:18.950153,65.75,67.25,67.25,62.50,69.50,70.00,96.53,On,1.000
2026-01-20T11:51:20.950623,65.75,67.25,67.50,62.75,69.75,70.00,96.53,On,1.000
2026-01-20T11:51:22.951107,65.75,67.50,67.50,62.75,69.75,70.00,96.66,On,1.000
2026-01-20T11:51:24.951624,66.00,67.50,67.50,62.75,69.75,70.25,96.66,On,1.000
2026-01-20T11:51:26.952153,66.00,67.50,67.50,63.00,70.00,70.25,96.92,On,1.000
2026-01-20T11:51:28.952662,66.00,67.75,67.75,63.00,70.00,70.25,96.79,On,1.000
2026-01-20T11:51:30.953087,66.00,67.75,67.75,63.00,70.00,70.25,97.06,On,1.000
2026-01-20T11:51:32.953537,66.25,67.75,68.00,63.00,70.25,70.50,96.92,On,1.000
2026-01-20T11:51:34.953944,66.25,68.00,68.00,63.25,70.25,70.50,97.19,On,1.000
2026-01-20T11:51:36.954457,66.25,68.00,68.00,63.25,70.25,70.50,97.32,On,1.000
2026-01-20T11:51:38.954936,66.25,68.00,68.00,63.25,70.50,70.50,97.46,On,1.000
2026-01-20T11:51:40.955376,66.50,68.25,68.00,63.25,70.50,70.75,97.32,On,1.000
2026-01-20T11:51:42.955863,66.50,68.25,68.25,63.50,70.50,70.75,97.32,On,1.000
2026-01-20T11:51:44.956306,66.50,68.25,68.25,63.50,70.50,70.75,97.59,On,1.000
2026-01-20T11:51:46.956757,66.50,68.50,68.25,63.50,70.75,71.00,97.32,On,1.000
2026-01-20T11:51:48.957301,66.75,68.50,68.50,63.75,70.75,71.00,97.59,On,1.000
2026-01-20T11:51:50.957782,66.75,68.50,68.50,63.75,70.75,71.00,97.73,On,1.000
2026-01-20T11:51:52.958296,66.75,68.75,68.50,63.75,70.75,71.25,97.59,On,1.000
2026-01-20T11:51:54.958741,67.00,68.75,68.75,64.00,71.00,71.25,97.73,On,1.000
2026-01-20T11:51:56.959196,67.00,68.75,68.75,64.00,71.00,71.25,97.86,On,1.000
2026-01-20T11:51:58.959630,67.25,69.00,69.00,64.00,71.00,71.25,97.86,On,1.000
2026-01-20T11:52:00.960109,67.25,69.00,69.00,64.25,71.25,71.50,97.86,On,1.000
2026-01-20T11:52:02.960566,67.25,69.00,69.00,64.25,71.25,71.50,97.86,On,1.000
2026-01-20T11:52:04.961104,67.25,69.00,69.00,64.25,71.25,71.50,97.73,On,1.000
2026-01-20T11:52:06.961572,67.50,69.25,69.25,64.25,71.25,71.50,98.00,On,1.000
2026-01-20T11:52:08.962004,67.50,69.25,69.25,64.50,71.50,71.75,98.27,On,1.000
2026-01-20T11:52:10.962487,67.50,69.50,69.50,64.50,71.50,71.75,98.27,On,1.000
2026-01-20T11:52:12.962916,67.50,69.50,69.50,64.50,71.75,71.75,98.14,On,1.000
2026-01-20T11:52:14.963451,67.75,69.50,69.50,64.50,71.75,71.75,98.41,On,1.000
2026-01-20T11:52:16.964033,67.75,69.50,69.50,64.75,71.75,72.00,98.55,On,1.000
2026-01-20T11:52:18.964504,67.75,69.75,69.75,64.75,71.75,72.00,98.55,On,1.000
2026-01-20T11:52:20.964936,67.75,69.75,69.75,64.75,72.00,72.00,98.41,On,1.000
2026-01-20T11:52:22.965389,68.00,69.75,69.75,64.75,72.00,72.25,98.41,On,1.000
2026-01-20T11:52:24.965845,68.00,70.00,70.00,65.00,72.00,72.25,98.55,On,1.000
2026-01-20T11:52:26.966397,68.00,70.00,70.00,65.00,72.00,72.25,98.83,On,1.000
2026-01-20T11:52:28.966913,68.00,70.00,70.00,65.00,72.25,72.50,98.83,On,1.000
2026-01-20T11:52:30.967375,68.25,70.00,70.00,65.00,72.25,72.50,98.69,On,1.000
2026-01-20T11:52:32.967759,68.25,70.25,70.25,65.25,72.25,72.50,98.69,On,1.000
2026-01-20T11:52:34.968186,68.25,70.25,70.25,65.25,72.50,72.75,98.83,On,1.000
2026-01-20T11:52:36.968747,68.50,70.50,70.25,65.25,72.50,72.75,98.97,On,1.000
2026-01-20T11:52:38.969301,68.50,70.50,70.25,65.25,72.50,72.75,98.83,On,1.000
2026-01-20T11:52:40.969764,68.50,70.50,70.50,65.50,72.50,72.75,98.27,On,1.000
2026-01-20T11:52:42.970153,68.50,70.50,70.50,65.50,72.75,73.00,98.83,On,1.000
2026-01-20T11:52:44.970515,68.50,70.75,70.50,65.50,72.75,73.00,98.97,On,1.000
2026-01-20T11:52:46.971034,68.75,70.75,70.50,65.50,72.75,73.00,98.97,On,1.000
2026-01-20T11:52:48.971587,68.75,70.75,70.75,65.75,73.00,73.00,98.97,On,1.000
2026-01-20T11:52:50.972100,68.75,71.00,70.75,65.75,73.00,73.25,99.25,On,1.000
2026-01-20T11:52:52.972549,68.75,71.00,70.75,65.75,73.00,73.25,99.11,On,1.000
2026-01-20T11:52:54.972960,68.75,71.00,70.75,65.75,73.00,73.25,99.40,On,1.000
2026-01-20T11:52:56.973351,69.00,71.25,71.00,66.00,73.25,73.25,99.40,On,1.000
2026-01-20T11:52:58.973871,69.00,71.25,71.00,66.00,73.25,73.50,99.25,On,1.000
2026-01-20T11:53:00.974384,69.00,71.25,71.00,66.00,73.25,73.50,99.40,On,1.000
2026-01-20T11:53:02.974937,69.00,71.50,71.00,66.00,73.50,73.50,99.54,On,1.000
2026-01-20T11:53:04.975424,69.25,71.50,71.25,66.25,73.50,73.50,99.40,On,1.000
2026-01-20T11:53:06.975814,69.25,71.75,71.25,66.25,73.50,73.75,99.54,On,1.000
2026-01-20T11:53:08.976272,69.25,71.75,71.25,66.25,73.50,73.75,99.68,On,1.000
2026-01-20T11:53:10.976816,69.25,71.75,71.50,66.50,73.75,73.75,99.68,On,1.000
2026-01-20T11:53:12.977349,69.25,71.75,71.50,66.50,73.75,74.00,99.54,On,1.000
2026-01-20T11:53:14.977854,69.25,72.00,71.50,66.50,73.75,74.00,99.68,On,1.000
2026-01-20T11:53:16.978297,69.50,72.00,71.50,66.50,73.75,74.00,99.83,On,1.000
2026-01-20T11:53:18.978677,69.50,72.00,71.50,66.75,74.00,74.25,99.97,On,1.000
2026-01-20T11:53:20.979149,69.50,72.25,71.75,66.75,74.00,74.25,99.83,On,1.000
2026-01-20T11:53:22.979633,69.75,72.25,71.75,66.75,74.00,74.25,99.83,On,1.000
2026-01-20T11:53:24.980155,69.75,72.25,71.75,66.75,74.25,74.25,99.83,On,1.000
2026-01-20T11:53:26.980622,69.75,72.50,71.75,66.75,74.25,74.50,99.97,On,1.000
2026-01-20T11:53:28.981032,69.75,72.50,72.00,67.00,74.25,74.50,100.26,On,1.000
2026-01-20T11:53:30.981496,69.75,72.50,72.00,67.00,74.25,74.50,99.97,On,1.000
2026-01-20T11:53:32.981984,69.75,72.50,72.00,67.00,74.50,74.50,100.12,On,1.000
2026-01-20T11:53:34.982497,70.00,72.75,72.25,67.00,74.50,74.75,100.12,On,1.000
2026-01-20T11:53:36.983007,70.00,72.75,72.25,67.25,74.50,74.75,100.12,On,1.000
2026-01-20T11:53:38.983434,70.00,72.75,72.25,67.25,74.50,74.75,100.26,On,1.000
2026-01-20T11:53:40.983904,70.25,72.75,72.25,67.25,74.75,74.75,100.12,On,1.000
2026-01-20T11:53:42.984370,70.25,73.00,72.50,67.25,74.75,75.00,100.56,On,1.000
2026-01-20T11:53:44.984861,70.25,73.00,72.50,67.50,74.75,75.00,100.41,On,1.000
2026-01-20T11:53:46.985351,70.25,73.00,72.50,67.50,75.00,75.00,100.12,On,1.000
2026-01-20T11:53:48.985845,70.25,73.25,72.50,67.50,75.00,75.00,100.12,On,1.000
2026-01-20T11:53:50.986315,70.50,73.25,72.75,67.50,75.00,75.25,100.56,On,1.000
2026-01-20T11:53:52.986823,70.50,73.25,72.75,67.50,75.00,75.25,100.41,On,1.000
2026-01-20T11:53:54.987265,70.50,73.50,73.00,67.75,75.25,75.25,100.26,On,1.000
2026-01-20T11:53:56.987716,70.50,73.50,72.75,67.75,75.25,75.50,100.26,On,1.000
2026-01-20T11:53:58.988182,70.75,73.50,73.00,67.75,75.25,75.50,100.41,On,1.000
2026-01-20T11:54:00.988640,70.75,73.50,73.00,67.75,75.25,75.75,100.41,On,1.000
2026-01-20T11:54:02.989222,70.75,73.75,73.00,68.00,75.50,75.50,100.56,On,1.000
2026-01-20T11:54:04.989693,70.75,73.75,73.00,68.00,75.50,75.75,100.56,On,1.000
2026-01-20T11:54:06.990123,71.00,73.75,73.25,68.00,75.50,75.75,100.85,On,1.000
2026-01-20T11:54:08.990567,71.00,74.00,73.25,68.25,75.50,75.75,101.00,On,1.000
2026-01-20T11:54:10.991009,71.00,74.00,73.25,68.25,75.75,76.00,101.15,On,1.000
2026-01-20T11:54:12.991467,71.00,74.00,73.50,68.25,75.75,76.00,101.00,On,1.000
2026-01-20T11:54:14.992015,71.00,74.00,73.50,68.25,75.75,76.00,101.15,On,1.000
2026-01-20T11:54:16.992530,71.00,74.25,73.50,68.25,76.00,76.25,101.45,On,1.000
2026-01-20T11:54:18.992978,71.25,74.25,73.50,68.50,76.00,76.25,101.15,On,1.000
2026-01-20T11:54:20.993416,71.25,74.50,73.75,68.50,76.00,76.25,101.45,On,1.000
2026-01-20T11:54:22.993826,71.25,74.50,73.75,68.50,76.00,76.50,101.45,On,1.000
2026-01-20T11:54:24.994328,71.25,74.50,73.75,68.50,76.00,76.50,101.61,On,1.000
2026-01-20T11:54:26.994778,71.50,74.50,73.75,68.75,76.25,76.50,101.61,On,1.000
2026-01-20T11:54:28.995214,71.50,74.75,74.00,68.75,76.25,76.50,101.61,On,1.000
2026-01-20T11:54:30.995612,71.50,74.75,74.00,68.75,76.25,76.75,101.91,On,1.000
2026-01-20T11:54:32.996048,71.50,74.75,74.00,68.75,76.50,76.75,101.76,On,1.000
2026-01-20T11:54:34.996570,71.50,75.00,74.00,68.75,76.50,76.75,101.91,On,1.000
2026-01-20T11:54:36.997114,71.75,75.00,74.25,69.00,76.50,76.75,101.76,On,1.000
2026-01-20T11:54:38.997602,71.75,75.00,74.25,69.00,76.50,76.75,101.91,On,1.000
2026-01-20T11:54:40.998034,71.75,75.25,74.25,69.00,76.50,77.00,101.91,On,1.000
2026-01-20T11:54:42.998437,71.75,75.25,74.25,69.25,76.75,77.00,102.07,On,1.000
2026-01-20T11:54:44.998855,72.00,75.25,74.50,69.25,76.75,77.00,102.07,On,1.000
2026-01-20T11:54:46.999364,72.00,75.50,74.50,69.25,76.75,77.00,102.38,On,1.000
2026-01-20T11:54:48.999876,72.00,75.50,74.50,69.25,76.75,77.25,102.07,On,1.000
2026-01-20T11:54:51.000332,72.00,75.50,74.50,69.25,76.75,77.25,102.38,On,1.000
2026-01-20T11:54:53.000961,72.25,75.75,74.75,69.50,77.00,77.25,102.38,On,1.000
2026-01-20T11:54:55.001388,72.25,75.75,74.75,69.50,77.00,77.50,102.22,On,1.000
2026-01-20T11:54:57.001923,72.25,75.75,74.75,69.50,77.00,77.50,102.38,On,1.000
2026-01-20T11:54:59.002442,72.25,75.75,74.75,69.50,77.00,77.50,102.53,On,1.000
2026-01-20T11:55:01.002938,72.50,76.00,75.00,69.75,77.25,77.50,102.53,On,1.000
2026-01-20T11:55:03.003384,72.50,76.00,75.00,69.75,77.25,77.75,102.38,On,1.000
2026-01-20T11:55:05.003773,72.50,76.00,75.00,69.75,77.25,77.75,102.53,On,1.000
2026-01-20T11:55:07.004210,72.50,76.00,75.00,69.75,77.50,77.75,102.53,On,1.000
2026-01-20T11:55:09.004748,72.50,76.25,75.25,69.75,77.50,77.75,103.17,On,1.000
2026-01-20T11:55:11.005264,72.75,76.25,75.25,70.00,77.50,78.00,102.85,On,1.000
2026-01-20T11:55:13.005726,72.75,76.25,75.25,70.00,77.75,78.00,102.53,On,1.000
2026-01-20T11:55:15.006139,72.75,76.25,75.50,70.00,77.75,78.00,102.85,On,1.000
2026-01-20T11:55:17.006516,72.75,76.50,75.50,70.00,77.75,78.00,103.01,On,1.000
2026-01-20T11:55:19.007009,73.00,76.50,75.50,70.00,77.75,78.25,103.33,On,1.000
2026-01-20T11:55:21.007508,73.00,76.50,75.50,70.25,77.75,78.25,102.85,On,1.000
2026-01-20T11:55:23.007983,73.00,76.50,75.50,70.25,78.00,78.25,103.01,On,1.000
2026-01-20T11:55:25.008407,73.00,76.75,75.75,70.25,78.00,78.25,103.17,On,1.000
2026-01-20T11:55:27.008749,73.25,76.75,75.75,70.25,78.00,78.50,103.33,On,1.000
2026-01-20T11:55:29.009187,73.25,76.75,75.75,70.50,78.25,78.50,103.33,On,1.000
2026-01-20T11:55:31.009663,73.25,77.00,76.00,70.50,78.25,78.50,103.17,On,1.000
2026-01-20T11:55:33.010175,73.25,77.00,76.00,70.50,78.25,78.50,103.33,On,1.000
2026-01-20T11:55:35.010656,73.25,77.00,76.00,70.50,78.25,78.75,103.49,On,1.000
2026-01-20T11:55:37.011148,73.50,77.25,76.00,70.75,78.50,78.75,103.33,On,1.000
2026-01-20T11:55:39.011552,73.50,77.25,76.00,70.75,78.50,78.75,103.49,On,1.000
2026-01-20T11:55:41.012002,73.50,77.25,76.00,70.75,78.50,78.75,103.65,On,1.000
2026-01-20T11:55:43.012504,73.50,77.25,76.25,70.75,78.50,78.75,103.49,On,1.000
2026-01-20T11:55:45.013012,73.75,77.50,76.25,71.00,78.75,79.00,103.65,On,1.000
2026-01-20T11:55:47.013492,73.75,77.50,76.25,71.00,78.75,79.00,103.65,On,1.000
2026-01-20T11:55:49.013954,73.75,77.50,76.25,71.00,78.75,79.00,103.65,On,1.000
2026-01-20T11:55:51.020885,73.75,77.50,76.50,71.00,78.75,79.00,103.65,On,1.000
2026-01-20T11:55:53.021326,74.00,77.75,76.50,71.00,78.75,79.25,103.65,On,1.000
2026-01-20T11:55:55.021813,74.00,77.75,76.50,71.25,79.00,79.25,103.81,On,1.000
2026-01-20T11:55:57.022325,74.00,77.75,76.75,71.25,79.00,79.25,103.81,On,1.000
2026-01-20T11:55:59.022801,74.00,77.75,76.75,71.25,79.00,79.50,103.81,On,1.000
2026-01-20T11:56:01.023284,74.00,78.00,76.75,71.25,79.00,79.50,103.81,On,1.000
2026-01-20T11:56:03.028935,74.25,78.00,76.75,71.50,79.00,79.50,103.98,On,1.000
2026-01-20T11:56:05.029361,74.25,78.00,76.75,71.50,79.25,79.50,103.81,On,1.000
2026-01-20T11:56:07.029780,74.25,78.00,77.00,71.50,79.25,79.75,103.65,On,1.000
2026-01-20T11:56:09.030253,74.25,78.25,77.00,71.50,79.25,79.75,103.81,On,1.000
2026-01-20T11:56:11.030707,74.50,78.25,77.00,71.50,79.25,79.75,103.98,On,1.000
2026-01-20T11:56:13.031713,74.25,78.25,77.25,71.75,79.25,79.75,103.98,On,1.000
2026-01-20T11:56:15.032159,74.50,78.50,77.25,71.75,79.50,80.00,103.98,On,1.000
2026-01-20T11:56:17.032587,74.50,78.50,77.25,71.75,79.50,80.00,103.98,On,1.000
2026-01-20T11:56:19.033042,74.50,78.50,77.25,71.75,79.50,80.00,104.31,On,1.000
2026-01-20T11:56:21.033493,74.50,78.75,77.25,72.00,79.75,80.00,104.31,On,1.000
2026-01-20T11:56:23.034004,74.75,78.75,77.50,72.00,79.75,80.00,104.31,On,1.000
2026-01-20T11:56:25.034473,74.75,78.75,77.50,72.00,79.75,80.25,104.31,On,1.000
2026-01-20T11:56:27.034896,74.75,78.75,77.50,72.00,79.75,80.25,104.31,On,1.000
2026-01-20T11:56:29.035312,74.75,79.00,77.50,72.00,80.00,80.25,104.47,On,1.000
2026-01-20T11:56:31.035759,74.75,79.00,77.75,72.25,80.00,80.50,104.81,On,1.000
2026-01-20T11:56:33.036156,75.00,79.00,77.75,72.25,80.00,80.50,104.97,On,1.000
2026-01-20T11:56:35.036705,75.00,79.00,77.75,72.25,80.25,80.50,104.64,On,1.000
2026-01-20T11:56:37.037171,75.00,79.25,77.75,72.25,80.25,80.50,105.31,On,1.000
2026-01-20T11:56:39.037547,75.00,79.25,77.75,72.25,80.25,80.50,104.81,On,1.000
2026-01-20T11:56:41.037901,75.00,79.25,78.00,72.50,80.25,80.75,104.81,On,1.000
2026-01-20T11:56:43.038276,75.25,79.50,78.00,72.50,80.25,80.75,104.97,On,1.000
2026-01-20T11:56:45.038799,75.25,79.50,78.00,72.50,80.50,80.75,104.81,On,1.000
2026-01-20T11:56:47.039329,75.25,79.50,78.25,72.50,80.50,80.75,104.97,On,1.000
2026-01-20T11:56:49.039809,75.25,79.75,78.25,72.50,80.50,80.75,105.14,On,1.000
2026-01-20T11:56:51.040227,75.25,79.75,78.25,72.75,80.50,81.00,104.97,On,1.000
2026-01-20T11:56:53.040615,75.25,79.75,78.25,72.75,80.50,81.00,105.14,On,1.000
2026-01-20T11:56:55.041118,75.50,80.00,78.25,72.75,80.75,81.00,105.14,On,1.000
2026-01-20T11:56:57.041585,75.50,80.00,78.50,72.75,80.75,81.00,104.97,On,1.000
2026-01-20T11:56:59.042090,75.50,80.00,78.50,73.00,80.75,81.25,105.48,On,1.000
2026-01-20T11:57:01.042558,75.75,80.00,78.50,73.00,80.75,81.25,105.48,On,1.000
2026-01-20T11:57:03.042934,75.75,80.25,78.50,73.00,81.00,81.25,105.48,On,1.000
2026-01-20T11:57:05.043364,75.75,80.25,78.50,73.00,81.00,81.25,105.48,On,1.000
2026-01-20T11:57:07.043891,75.75,80.25,78.75,73.25,81.00,81.25,105.83,On,1.000
2026-01-20T11:57:09.044361,75.75,80.50,78.75,73.25,81.00,81.50,105.66,On,1.000
2026-01-20T11:57:11.044857,75.75,80.50,78.75,73.25,81.25,81.50,105.66,On,1.000
2026-01-20T11:57:13.045274,76.00,80.50,78.75,73.25,81.25,81.50,105.48,On,1.000
2026-01-20T11:57:15.045648,76.00,80.50,78.75,73.25,81.25,81.50,105.48,On,1.000
2026-01-20T11:57:17.046155,76.00,80.50,79.00,73.50,81.25,81.75,106.00,On,1.000
2026-01-20T11:57:19.046670,76.00,80.75,79.00,73.50,81.50,81.75,105.66,On,1.000
2026-01-20T11:57:21.047187,76.00,80.75,79.00,73.50,81.50,81.75,105.83,On,1.000
2026-01-20T11:57:23.047619,76.25,80.75,79.00,73.50,81.50,81.75,105.83,On,1.000
2026-01-20T11:57:25.048026,76.25,80.75,79.25,73.50,81.50,82.00,106.18,On,1.000
2026-01-20T11:57:27.048421,76.25,80.75,79.25,73.75,81.50,82.00,106.18,On,1.000
2026-01-20T11:57:29.048899,76.25,81.00,79.25,73.75,81.50,82.00,106.18,On,1.000
2026-01-20T11:57:31.049410,76.50,81.00,79.25,73.75,81.75,82.00,106.18,On,1.000
2026-01-20T11:57:33.049885,76.50,81.00,79.50,73.75,81.75,82.00,106.00,On,1.000
2026-01-20T11:57:35.050374,76.50,81.00,79.50,74.00,81.75,82.25,106.00,On,1.000
2026-01-20T11:57:37.050775,76.50,81.25,79.50,74.00,81.75,82.25,106.35,On,1.000
2026-01-20T11:57:39.051226,76.50,81.25,79.50,74.00,82.00,82.25,106.35,On,1.000
2026-01-20T11:57:41.051729,76.75,81.25,79.50,74.00,82.00,82.25,106.35,On,1.000
2026-01-20T11:57:43.052224,76.75,81.25,79.75,74.00,82.00,82.50,106.53,On,1.000
2026-01-20T11:57:45.052687,76.75,81.50,79.75,74.25,82.00,82.50,106.18,On,1.000
2026-01-20T11:57:47.053064,76.75,81.50,79.75,74.25,82.25,82.50,106.18,On,1.000
2026-01-20T11:57:49.056945,77.00,81.50,79.75,74.25,82.25,82.50,106.53,On,1.000
2026-01-20T11:57:51.057374,77.00,81.50,79.75,74.25,82.25,82.75,106.35,On,1.000
2026-01-20T11:57:53.057844,77.00,81.75,80.00,74.25,82.25,82.75,106.53,On,1.000
2026-01-20T11:57:55.058338,77.00,81.75,80.00,74.50,82.50,82.75,106.35,On,1.000
2026-01-20T11:57:57.058775,77.00,81.75,80.00,74.50,82.50,82.75,106.53,On,1.000
2026-01-20T11:57:59.059206,77.00,82.00,80.00,74.50,82.50,83.00,106.71,On,1.000
2026-01-20T11:58:01.059659,77.25,82.00,80.25,74.50,82.50,83.00,106.53,On,1.000
2026-01-20T11:58:03.060109,77.25,82.00,80.25,74.50,82.50,83.00,106.88,On,1.000
2026-01-20T11:58:05.060608,77.25,82.00,80.25,74.75,82.75,83.00,106.88,On,1.000
2026-01-20T11:58:07.061069,77.25,82.00,80.25,74.75,82.75,83.00,106.71,On,1.000
2026-01-20T11:58:09.061522,77.50,82.25,80.25,74.75,82.75,83.25,106.35,On,1.000
2026-01-20T11:58:11.061995,77.50,82.25,80.50,74.75,83.00,83.25,106.88,On,1.000
2026-01-20T11:58:13.062424,77.50,82.25,80.50,74.75,82.75,83.25,107.06,On,1.000
2026-01-20T11:58:15.062825,77.50,82.25,80.50,75.00,83.00,83.50,106.88,On,1.000
2026-01-20T11:58:17.063266,77.50,82.25,80.50,75.00,83.00,83.50,107.06,On,1.000
2026-01-20T11:58:19.063740,77.50,82.50,80.50,75.00,83.00,83.50,106.88,On,1.000
2026-01-20T11:58:21.064208,77.75,82.50,80.75,75.00,83.25,83.50,107.24,On,1.000
2026-01-20T11:58:23.064671,77.75,82.50,80.75,75.00,83.25,83.50,107.24,On,1.000
2026-01-20T11:58:25.065093,77.75,82.50,80.75,75.25,83.25,83.50,107.24,On,1.000
2026-01-20T11:58:27.065443,77.75,82.75,80.75,75.25,83.25,83.75,107.24,On,1.000
2026-01-20T11:58:29.065891,77.75,82.75,80.75,75.25,83.25,83.75,107.61,On,1.000
2026-01-20T11:58:31.066337,77.75,82.75,81.00,75.25,83.25,83.75,107.24,On,1.000
2026-01-20T11:58:33.066872,78.00,82.75,81.00,75.50,83.50,84.00,107.42,On,1.000
2026-01-20T11:58:35.067315,78.00,83.00,81.00,75.50,83.50,84.00,107.24,On,1.000
2026-01-20T11:58:37.067772,78.00,83.00,81.00,75.50,83.50,84.00,107.42,On,1.000
2026-01-20T11:58:39.068161,78.25,83.00,81.25,75.50,83.50,84.00,107.42,On,1.000
2026-01-20T11:58:41.068608,78.25,83.00,81.25,75.50,83.75,84.25,107.61,On,1.000
2026-01-20T11:58:43.069151,78.25,83.25,81.25,75.50,83.75,84.25,107.42,On,1.000
2026-01-20T11:58:45.069664,78.25,83.25,81.25,75.75,83.75,84.25,107.61,On,1.000
2026-01-20T11:58:47.070105,78.25,83.25,81.25,75.75,83.75,84.25,107.79,On,1.000
2026-01-20T11:58:49.070505,78.25,83.25,81.50,75.75,84.00,84.25,107.61,On,1.000
2026-01-20T11:58:51.070935,78.50,83.50,81.50,75.75,84.00,84.50,107.79,On,1.000
2026-01-20T11:58:53.071377,78.50,83.50,81.50,76.00,84.00,84.50,107.79,On,1.000
2026-01-20T11:58:55.071886,78.50,83.50,81.50,76.00,84.00,84.50,107.79,On,1.000
2026-01-20T11:58:57.072374,78.50,83.50,81.50,76.00,84.00,84.50,107.79,On,1.000
2026-01-20T11:58:59.072849,78.50,83.75,81.75,76.00,84.00,84.50,107.79,On,1.000
2026-01-20T11:59:01.073240,78.75,83.75,81.75,76.00,84.25,84.50,107.97,On,1.000
2026-01-20T11:59:03.073668,78.75,83.75,81.75,76.25,84.25,84.75,107.97,On,1.000
2026-01-20T11:59:05.074188,78.75,84.00,81.75,76.25,84.25,84.75,107.97,On,1.000
2026-01-20T11:59:07.074708,78.75,84.00,82.00,76.25,84.25,84.75,108.16,On,1.000
2026-01-20T11:59:09.075183,79.00,84.00,82.00,76.25,84.25,84.75,108.35,On,1.000
2026-01-20T11:59:11.075614,79.00,84.00,82.00,76.25,84.50,84.75,108.53,On,1.000
2026-01-20T11:59:13.076067,79.00,84.00,82.00,76.50,84.50,85.00,108.35,On,1.000
2026-01-20T11:59:15.076527,79.00,84.25,82.00,76.50,84.50,85.00,108.72,On,1.000
2026-01-20T11:59:17.077055,79.00,84.25,82.25,76.50,84.50,85.00,108.16,On,1.000
2026-01-20T11:59:19.077556,79.00,84.25,82.25,76.50,84.75,85.25,108.35,On,1.000
2026-01-20T11:59:21.078073,79.25,84.25,82.25,76.50,84.75,85.25,108.72,On,1.000
2026-01-20T11:59:23.078470,79.25,84.50,82.25,76.75,84.75,85.25,108.53,On,1.000
2026-01-20T11:59:25.078844,79.25,84.50,82.25,76.75,84.75,85.25,108.35,On,1.000
2026-01-20T11:59:27.079336,79.25,84.50,82.50,76.75,84.75,85.25,108.53,On,1.000
2026-01-20T11:59:29.079870,79.25,84.50,82.50,76.75,84.75,85.50,108.91,On,1.000
2026-01-20T11:59:31.080371,79.50,84.75,82.50,77.00,85.00,85.50,108.35,On,1.000
2026-01-20T11:59:33.080817,79.50,84.75,82.50,77.00,85.00,85.50,108.91,On,1.000
2026-01-20T11:59:35.081189,79.50,84.75,82.75,77.00,85.00,85.50,108.72,On,1.000
2026-01-20T11:59:37.081632,79.50,84.75,82.75,77.00,85.00,85.50,108.91,On,1.000
2026-01-20T11:59:39.082122,79.50,84.75,82.75,77.00,85.25,85.75,108.72,On,1.000
2026-01-20T11:59:41.082617,79.50,85.00,82.75,77.00,85.25,85.75,108.91,On,1.000
2026-01-20T11:59:43.083091,79.75,85.00,82.75,77.25,85.25,85.75,108.91,On,1.000
2026-01-20T11:59:45.083504,79.75,85.00,82.75,77.25,85.25,85.75,109.10,On,1.000
2026-01-20T11:59:47.083891,79.75,85.25,83.00,77.25,85.50,85.75,108.91,On,1.000
2026-01-20T11:59:49.084325,79.75,85.25,83.00,77.25,85.50,85.75,108.91,On,1.000
2026-01-20T11:59:51.084798,80.00,85.25,83.00,77.25,85.50,86.00,109.10,On,1.000
2026-01-20T11:59:53.085264,80.00,85.25,83.00,77.25,85.50,86.00,109.10,On,1.000
2026-01-20T11:59:55.085717,80.00,85.25,83.00,77.50,85.50,86.00,109.29,On,1.000
2026-01-20T11:59:57.086108,80.00,85.50,83.25,77.50,85.50,86.00,109.10,On,1.000
2026-01-20T11:59:59.086567,80.00,85.50,83.25,77.50,85.75,86.25,109.10,On,1.000
2026-01-20T12:00:01.087010,80.00,85.50,83.25,77.50,85.75,86.25,109.10,On,1.000
2026-01-20T12:00:03.087494,80.25,85.50,83.25,77.75,85.75,86.25,109.29,On,1.000
2026-01-20T12:00:05.087999,80.25,85.50,83.50,77.50,85.75,86.25,109.29,On,1.000
2026-01-20T12:00:07.088452,80.25,85.75,83.50,77.75,85.75,86.50,109.49,On,1.000
2026-01-20T12:00:09.089022,80.50,85.75,83.50,77.75,86.00,86.50,109.29,On,1.000
2026-01-20T12:00:11.089460,80.50,85.75,83.50,77.75,86.00,86.50,109.68,On,1.000
2026-01-20T12:00:13.089893,80.50,85.75,83.50,78.00,86.00,86.50,109.49,On,1.000
2026-01-20T12:00:15.090346,80.50,85.75,83.50,78.00,86.00,86.75,109.49,On,1.000
2026-01-20T12:00:17.090806,80.50,86.00,83.75,78.00,86.00,86.75,109.49,On,1.000
2026-01-20T12:00:19.091227,80.50,86.00,83.75,78.00,86.25,86.75,109.68,On,1.000
2026-01-20T12:00:21.091695,80.75,86.00,83.75,78.00,86.25,86.75,109.49,On,1.000
2026-01-20T12:00:23.092101,80.75,86.00,83.75,78.00,86.25,86.75,109.87,On,1.000
2026-01-20T12:00:25.092544,80.75,86.25,83.75,78.25,86.25,86.75,109.68,On,1.000
2026-01-20T12:00:27.093038,80.75,86.25,84.00,78.25,86.25,87.00,109.68,On,1.000
2026-01-20T12:00:29.094134,80.75,86.25,84.00,78.25,86.25,87.00,109.68,On,1.000
2026-01-20T12:00:31.094680,80.75,86.25,84.00,78.25,86.50,87.00,109.68,On,1.000
2026-01-20T12:00:33.095309,80.75,86.50,84.00,78.50,86.50,87.00,109.87,On,1.000
2026-01-20T12:00:35.095769,81.00,86.50,84.00,78.50,86.50,87.25,110.07,On,1.000
2026-01-20T12:00:37.096276,81.00,86.50,84.25,78.50,86.50,87.00,110.07,On,1.000
2026-01-20T12:00:39.096809,81.00,86.50,84.25,78.50,86.50,87.25,110.27,On,1.000
2026-01-20T12:00:41.097274,81.00,86.75,84.25,78.50,86.75,87.25,110.27,On,1.000
2026-01-20T12:00:43.097829,81.00,86.75,84.25,78.50,86.75,87.25,110.07,On,1.000
2026-01-20T12:00:45.098417,81.25,86.75,84.25,78.50,86.75,87.25,110.07,On,1.000
2026-01-20T12:00:47.098946,81.25,86.75,84.50,78.75,86.75,87.25,110.27,On,1.000
2026-01-20T12:00:49.099529,81.25,87.00,84.50,78.75,86.75,87.50,110.27,On,1.000
2026-01-20T12:00:51.100130,81.25,87.00,84.50,78.75,87.00,87.50,110.27,On,1.000
2026-01-20T12:00:53.101037,81.25,87.00,84.50,78.75,87.00,87.50,110.47,On,1.000
2026-01-20T12:00:55.101735,81.50,87.00,84.75,79.00,87.00,87.50,110.66,On,1.000
2026-01-20T12:00:57.102326,81.50,87.00,84.75,79.00,87.00,87.50,110.27,On,1.000
2026-01-20T12:00:59.102832,81.50,87.25,84.75,79.00,87.00,87.75,110.27,On,1.000
2026-01-20T12:01:01.103443,81.50,87.25,84.75,79.00,87.25,87.75,110.47,On,1.000
2026-01-20T12:01:03.104104,81.50,87.25,84.75,79.00,87.25,87.75,110.27,On,1.000
2026-01-20T12:01:05.104803,81.75,87.25,85.00,79.25,87.25,87.75,110.47,On,1.000
2026-01-20T12:01:07.105343,81.75,87.25,85.00,79.25,87.25,87.75,110.87,On,1.000
2026-01-20T12:01:09.105836,81.75,87.50,85.00,79.25,87.50,88.00,110.66,On,1.000
2026-01-20T12:01:11.106277,81.75,87.50,85.00,79.25,87.50,88.00,110.87,On,1.000
2026-01-20T12:01:13.106745,81.75,87.50,85.00,79.25,87.50,88.00,110.66,On,1.000
2026-01-20T12:01:15.107265,82.00,87.50,85.25,79.50,87.50,88.00,110.66,On,1.000
2026-01-20T12:01:17.107785,82.00,87.75,85.25,79.50,87.50,88.00,110.66,On,1.000
2026-01-20T12:01:19.108250,82.00,87.75,85.25,79.50,87.50,88.25,110.66,On,1.000
2026-01-20T12:01:21.108714,82.00,87.75,85.25,79.50,87.50,88.25,111.07,On,1.000
2026-01-20T12:01:23.109158,82.25,87.75,85.25,79.50,87.75,88.25,110.07,On,1.000
2026-01-20T12:01:25.109695,82.25,87.75,85.50,79.50,87.75,88.25,111.07,On,1.000
2026-01-20T12:01:27.110324,82.25,87.75,85.50,79.75,87.75,88.25,110.87,On,1.000
2026-01-20T12:01:29.110840,82.25,88.00,85.50,79.75,87.75,88.25,111.07,On,1.000
2026-01-20T12:01:31.111324,82.25,88.00,85.50,79.75,88.00,88.50,111.07,On,1.000
2026-01-20T12:01:33.111771,82.25,88.00,85.50,79.75,88.00,88.50,111.07,On,1.000
2026-01-20T12:01:35.112168,82.50,88.00,85.75,80.00,88.00,88.50,111.07,On,1.000
2026-01-20T12:01:37.112726,82.50,88.00,85.75,79.75,88.00,88.50,111.27,On,1.000
2026-01-20T12:01:39.113251,82.50,88.25,85.75,80.00,88.00,88.50,110.87,On,1.000
2026-01-20T12:01:41.113799,82.50,88.25,85.75,80.00,88.00,88.50,111.27,On,1.000
2026-01-20T12:01:43.114268,82.50,88.25,85.75,80.00,88.25,88.50,111.27,On,1.000
2026-01-20T12:01:45.114756,82.50,88.25,85.75,80.00,88.25,88.75,111.68,On,1.000
2026-01-20T12:01:47.115200,82.75,88.50,86.00,80.25,88.25,88.75,111.27,On,1.000
2026-01-20T12:01:49.115715,82.75,88.50,86.00,80.25,88.25,88.75,111.27,On,1.000
2026-01-20T12:01:51.116240,82.75,88.50,86.00,80.25,88.25,88.75,111.27,On,1.000
2026-01-20T12:01:53.116789,82.75,88.50,86.00,80.25,88.50,88.75,111.68,On,1.000
2026-01-20T12:01:55.117244,82.75,88.50,86.00,80.50,88.50,88.75,111.47,On,1.000
2026-01-20T12:01:57.117701,83.00,88.75,86.00,80.25,88.50,89.00,111.47,On,1.000
2026-01-20T12:01:59.118166,83.00,88.75,86.25,80.50,88.50,89.00,111.47,On,1.000
2026-01-20T12:02:01.118648,83.00,88.75,86.25,80.50,88.50,89.00,111.47,On,1.000
2026-01-20T12:02:03.119155,83.00,88.75,86.25,80.50,88.75,89.00,111.47,On,1.000
2026-01-20T12:02:05.119670,83.00,88.75,86.25,80.50,88.75,89.00,111.68,On,1.000
2026-01-20T12:02:07.120046,83.00,89.00,86.25,80.50,88.75,89.25,111.89,On,1.000
2026-01-20T12:02:09.120496,83.00,89.00,86.25,80.75,88.75,89.00,111.89,On,1.000
2026-01-20T12:02:11.120985,83.25,89.00,86.50,80.75,88.75,89.25,111.68,On,1.000
2026-01-20T12:02:13.121527,83.25,89.00,86.50,80.75,88.75,89.25,111.68,On,1.000
2026-01-20T12:02:15.122058,83.25,89.25,86.50,80.75,89.00,89.25,111.89,On,1.000
2026-01-20T12:02:17.122517,83.25,89.25,86.50,80.75,89.00,89.25,112.10,On,1.000
2026-01-20T12:02:19.123021,83.25,89.25,86.75,81.00,89.00,89.25,111.89,On,1.000
2026-01-20T12:02:21.123481,83.25,89.25,86.50,81.00,89.00,89.50,111.89,On,1.000
2026-01-20T12:02:23.123963,83.50,89.25,86.75,81.00,89.00,89.50,111.89,On,1.000
2026-01-20T12:02:25.124468,83.50,89.50,86.75,81.00,89.00,89.50,112.10,On,1.000
2026-01-20T12:02:27.124975,83.50,89.50,86.75,81.00,89.00,89.50,112.10,On,1.000
2026-01-20T12:02:29.125491,83.50,89.50,86.75,81.00,89.00,89.50,112.10,On,1.000
2026-01-20T12:02:31.125985,83.50,89.50,86.75,81.00,89.25,89.75,112.10,On,1.000
2026-01-20T12:02:33.126437,83.50,89.50,87.00,81.25,89.25,89.75,112.10,On,1.000
2026-01-20T12:02:35.126943,83.75,89.50,87.00,81.25,89.25,89.75,112.10,On,1.000
2026-01-20T12:02:37.127491,83.75,89.75,87.00,81.25,89.25,89.75,112.30,On,1.000
2026-01-20T12:02:39.127902,83.75,89.75,87.00,81.25,89.50,89.75,112.30,On,1.000
2026-01-20T12:02:41.128423,83.75,89.75,87.00,81.25,89.50,89.75,112.30,On,1.000
2026-01-20T12:02:43.128895,83.75,89.75,87.00,81.50,89.50,89.75,112.52,On,1.000
2026-01-20T12:02:45.129366,83.75,89.75,87.25,81.50,89.50,90.00,112.30,On,1.000
2026-01-20T12:02:47.129849,84.00,90.00,87.25,81.50,89.50,90.00,112.30,On,1.000
2026-01-20T12:02:49.130342,84.00,90.00,87.25,81.50,89.75,90.00,112.30,On,1.000
2026-01-20T12:02:51.130858,84.00,90.00,87.25,81.50,89.50,90.00,112.10,On,1.000
2026-01-20T12:02:53.131372,84.00,90.00,87.50,81.50,89.75,90.00,112.30,On,1.000
2026-01-20T12:02:55.131821,84.00,90.00,87.50,81.75,89.75,90.25,112.73,On,1.000
2026-01-20T12:02:57.132249,84.00,90.25,87.50,81.75,89.75,90.25,112.52,On,1.000
2026-01-20T12:02:59.132728,84.25,90.25,87.50,81.75,90.00,90.25,112.73,On,1.000
2026-01-20T12:03:01.133125,84.25,90.25,87.50,81.75,89.75,90.25,112.94,On,1.000
2026-01-20T12:03:03.133616,84.25,90.25,87.50,81.75,89.75,90.25,113.16,On,1.000
2026-01-20T12:03:05.134105,84.25,90.50,87.75,81.75,90.00,90.25,112.73,On,1.000
2026-01-20T12:03:07.134539,84.50,90.50,87.75,81.75,90.00,90.25,112.73,On,1.000
2026-01-20T12:03:09.134938,84.50,90.50,87.75,82.00,90.00,90.50,112.73,On,1.000
2026-01-20T12:03:11.135436,84.50,90.50,87.75,82.00,90.00,90.50,112.94,On,1.000
2026-01-20T12:03:13.135986,84.50,90.50,87.75,82.00,90.00,90.50,112.73,On,1.000
2026-01-20T12:03:15.136510,84.50,90.50,87.75,82.00,90.00,90.50,112.73,On,1.000
2026-01-20T12:03:17.136959,84.50,90.50,87.75,82.00,90.25,90.50,113.16,On,1.000
2026-01-20T12:03:19.137431,84.50,90.75,88.00,82.00,90.25,90.75,113.16,On,1.000
2026-01-20T12:03:21.137846,84.50,90.75,88.00,82.25,90.25,90.75,112.94,On,1.000
2026-01-20T12:03:23.138366,84.75,90.75,88.00,82.25,90.25,90.75,112.94,On,1.000
2026-01-20T12:03:25.138894,84.75,90.75,88.00,82.25,90.50,90.75,112.94,On,1.000
2026-01-20T12:03:27.139410,84.75,91.00,88.00,82.25,90.50,90.75,113.16,On,1.000
2026-01-20T12:03:29.139880,84.75,91.00,88.25,82.25,90.50,90.75,113.37,On,1.000
2026-01-20T12:03:31.140329,84.75,91.00,88.25,82.50,90.50,90.75,113.16,On,1.000
2026-01-20T12:03:33.140728,84.75,91.00,88.25,82.50,90.50,91.00,113.37,On,1.000
2026-01-20T12:03:35.141193,84.75,91.00,88.25,82.50,90.50,91.00,113.16,On,1.000
2026-01-20T12:03:37.141709,85.00,91.00,88.25,82.50,90.50,91.00,113.59,On,1.000
2026-01-20T12:03:39.142253,85.00,91.25,88.25,82.50,90.50,91.00,113.16,On,1.000
2026-01-20T12:03:41.142741,85.00,91.25,88.50,82.75,90.75,91.00,113.59,On,1.000
2026-01-20T12:03:43.143170,85.00,91.25,88.50,82.75,90.50,91.25,113.37,On,1.000
2026-01-20T12:03:45.143619,85.00,91.25,88.50,82.75,90.75,91.00,113.37,On,1.000
2026-01-20T12:03:47.144097,85.00,91.25,88.50,82.75,90.75,91.25,113.37,On,1.000
2026-01-20T12:03:49.144601,85.00,91.50,88.50,82.75,90.75,91.25,113.37,On,1.000
2026-01-20T12:03:51.145151,85.25,91.50,88.50,83.00,90.75,91.25,113.37,On,1.000
2026-01-20T12:03:53.148836,85.25,91.50,88.75,83.00,90.75,91.25,113.59,On,1.000
2026-01-20T12:03:55.149225,85.25,91.50,88.75,83.00,90.75,91.50,113.59,On,1.000
2026-01-20T12:03:57.149767,85.25,91.50,88.75,83.00,91.00,91.50,114.03,On,1.000
2026-01-20T12:03:59.150298,85.50,91.75,88.75,83.00,90.75,91.50,113.59,On,1.000
2026-01-20T12:04:01.150785,85.50,91.75,88.75,83.00,91.00,91.50,114.03,On,1.000
2026-01-20T12:04:03.151311,85.50,91.75,88.75,83.00,91.00,91.50,113.59,On,1.000
2026-01-20T12:04:05.151758,85.50,91.75,89.00,83.25,91.00,91.50,113.81,On,1.000
2026-01-20T12:04:07.152202,85.50,91.75,89.00,83.25,91.00,91.50,114.03,On,1.000
2026-01-20T12:04:09.152669,85.50,92.00,89.00,83.25,91.00,91.50,114.03,On,1.000
2026-01-20T12:04:11.153208,85.50,92.00,89.00,83.25,91.25,91.75,113.81,On,1.000
2026-01-20T12:04:13.153682,85.50,92.00,89.00,83.50,91.25,91.75,113.81,On,1.000
2026-01-20T12:04:15.154193,85.75,92.00,89.00,83.50,91.25,91.75,114.03,On,1.000
2026-01-20T12:04:17.154652,85.50,92.00,89.00,83.50,91.25,91.75,113.81,On,1.000
2026-01-20T12:04:19.155112,85.75,92.00,89.25,83.50,91.25,91.75,114.03,On,1.000
2026-01-20T12:04:21.155603,85.75,92.00,89.25,83.50,91.25,91.75,114.03,On,1.000
2026-01-20T12:04:23.156141,85.75,92.25,89.25,83.75,91.25,91.75,113.81,On,1.000
2026-01-20T12:04:25.156746,85.75,92.25,89.25,83.75,91.25,92.00,114.03,On,1.000
2026-01-20T12:04:27.157232,85.75,92.25,89.50,83.75,91.50,92.00,114.03,On,1.000
2026-01-20T12:04:29.161879,85.75,92.25,89.50,83.75,91.50,92.00,114.03,On,1.000
2026-01-20T12:04:31.162319,86.00,92.25,89.50,83.75,91.50,92.00,114.25,On,1.000
2026-01-20T12:04:33.162771,86.00,92.50,89.50,83.75,91.50,92.00,114.47,On,1.000
2026-01-20T12:04:35.163248,86.00,92.50,89.50,83.75,91.50,92.00,114.25,On,1.000
2026-01-20T12:04:37.163702,86.00,92.50,89.50,83.75,91.50,92.25,114.25,On,1.000
2026-01-20T12:04:39.164191,86.00,92.50,89.50,84.00,91.50,92.25,114.47,On,1.000
2026-01-20T12:04:41.164640,86.00,92.50,89.50,84.00,91.75,92.25,114.25,On,1.000
2026-01-20T12:04:43.165078,86.25,92.50,89.75,84.00,91.75,92.25,114.25,On,1.000
2026-01-20T12:04:45.165553,86.25,92.50,89.75,84.00,91.75,92.50,114.70,On,1.000
2026-01-20T12:04:47.166037,86.25,92.75,89.75,84.00,91.75,92.50,114.70,On,1.000
2026-01-20T12:04:49.166443,86.25,92.75,89.75,84.25,91.75,92.50,114.25,On,1.000
2026-01-20T12:04:51.166918,86.25,92.75,89.75,84.25,91.75,92.50,114.25,On,1.000
2026-01-20T12:04:53.167353,86.25,93.00,90.00,84.25,91.75,92.50,114.25,On,1.000
2026-01-20T12:04:55.167791,86.25,93.00,89.75,84.25,92.00,92.50,114.47,On,1.000
2026-01-20T12:04:57.168285,86.50,93.00,90.00,84.25,92.00,92.50,114.70,On,1.000
2026-01-20T12:04:59.168754,86.50,93.00,90.00,84.25,92.00,92.50,114.47,On,1.000
2026-01-20T12:05:01.169263,86.50,93.00,90.00,84.25,92.00,92.75,114.92,On,1.000
2026-01-20T12:05:03.169722,86.50,93.00,90.00,84.25,92.00,92.75,114.70,On,1.000
2026-01-20T12:05:05.170184,86.50,93.00,90.00,84.50,92.25,92.75,114.70,On,1.000
2026-01-20T12:05:07.170611,86.50,93.25,90.25,84.50,92.25,92.75,114.92,On,1.000
2026-01-20T12:05:09.171077,86.75,93.25,90.25,84.50,92.25,92.75,114.92,On,1.000
2026-01-20T12:05:11.171554,86.50,93.25,90.25,84.50,92.25,92.75,114.92,On,1.000
2026-01-20T12:05:13.172059,86.75,93.25,90.25,84.50,92.25,92.75,114.92,On,1.000
2026-01-20T12:05:15.172492,86.75,93.25,90.25,84.50,92.25,93.00,115.15,On,1.000
2026-01-20T12:05:17.172930,86.75,93.25,90.25,84.75,92.50,93.00,114.92,On,1.000
2026-01-20T12:05:19.173369,86.75,93.25,90.25,84.75,92.25,93.00,114.47,On,1.000
2026-01-20T12:05:21.173804,86.75,93.50,90.50,84.75,92.50,93.00,115.15,On,1.000
2026-01-20T12:05:23.174327,87.00,93.50,90.50,84.75,92.50,93.00,115.38,On,1.000
2026-01-20T12:05:25.174826,87.00,93.50,90.50,84.75,92.50,93.00,114.92,On,1.000
2026-01-20T12:05:27.175291,87.00,93.50,90.50,84.75,92.50,93.00,115.15,On,1.000
2026-01-20T12:05:29.175740,87.00,93.50,90.50,84.75,92.50,93.00,115.15,On,1.000
2026-01-20T12:05:31.176155,87.00,93.50,90.50,85.00,92.50,93.25,115.38,On,1.000
2026-01-20T12:05:33.176659,87.00,93.75,90.50,85.00,92.75,93.00,115.38,On,1.000
2026-01-20T12:05:35.177189,87.25,93.75,90.50,85.00,92.75,93.25,115.38,On,1.000
2026-01-20T12:05:37.177710,87.25,93.75,90.75,85.00,92.75,93.25,115.38,On,1.000
2026-01-20T12:05:39.178200,87.25,93.75,90.75,85.00,92.75,93.25,115.15,On,1.000
2026-01-20T12:05:41.178647,87.25,93.75,90.75,85.00,92.75,93.25,115.15,On,1.000
2026-01-20T12:05:43.179146,87.25,93.75,90.75,85.00,92.75,93.25,115.38,On,1.000
2026-01-20T12:05:45.179670,87.50,94.00,90.75,85.25,92.75,93.50,115.61,On,1.000
2026-01-20T12:05:47.180195,87.50,94.00,91.00,85.25,93.00,93.50,115.15,On,1.000
2026-01-20T12:05:49.180721,87.50,94.00,91.00,85.25,93.00,93.50,115.38,On,1.000
2026-01-20T12:05:51.181190,87.50,94.00,91.00,85.25,93.00,93.50,115.61,On,1.000
2026-01-20T12:05:53.181601,87.50,94.25,91.00,85.25,93.00,93.50,115.38,On,1.000
2026-01-20T12:05:55.182105,87.50,94.25,91.00,85.50,93.00,93.50,115.61,On,1.000
2026-01-20T12:05:57.182625,87.50,94.25,91.00,85.50,93.00,93.75,115.38,On,1.000
2026-01-20T12:05:59.183145,87.75,94.25,91.00,85.50,93.25,93.50,115.61,On,1.000
2026-01-20T12:06:01.183640,87.75,94.25,91.25,85.50,93.00,93.75,115.61,On,1.000
2026-01-20T12:06:03.184087,87.75,94.25,91.25,85.50,93.25,93.75,115.61,On,1.000
2026-01-20T12:06:05.184562,87.75,94.25,91.25,85.50,93.25,93.75,115.84,On,1.000
2026-01-20T12:06:07.185049,87.75,94.50,91.25,85.50,93.25,93.75,115.84,On,1.000
2026-01-20T12:06:09.185571,87.75,94.50,91.25,85.75,93.25,93.75,115.61,On,1.000
2026-01-20T12:06:11.186025,87.75,94.50,91.25,85.75,93.25,93.75,115.84,On,1.000
2026-01-20T12:06:13.186460,87.75,94.50,91.25,85.75,93.25,93.75,116.08,On,1.000
2026-01-20T12:06:15.186870,88.00,94.50,91.25,85.75,93.25,93.75,115.84,On,1.000
2026-01-20T12:06:17.187330,88.00,94.50,91.25,85.75,93.25,94.00,116.08,On,1.000
2026-01-20T12:06:19.187823,88.00,94.50,91.25,85.75,93.50,94.00,115.84,On,1.000
2026-01-20T12:06:21.188347,88.00,94.50,91.50,85.75,93.50,94.00,116.08,On,1.000
2026-01-20T12:06:23.188870,88.00,94.75,91.50,86.00,93.50,94.00,115.84,On,1.000
2026-01-20T12:06:25.189347,88.00,94.75,91.50,86.00,93.50,94.00,116.08,On,1.000
2026-01-20T12:06:27.189804,88.00,94.75,91.50,86.00,93.50,94.00,116.31,On,1.000
2026-01-20T12:06:29.190248,88.25,94.75,91.50,86.00,93.50,94.00,116.08,On,1.000
2026-01-20T12:06:31.190732,88.25,94.75,91.50,86.00,93.50,94.00,116.08,On,1.000
2026-01-20T12:06:33.191235,88.25,94.75,91.50,86.00,93.50,94.25,116.31,On,1.000
2026-01-20T12:06:35.191762,88.25,94.75,91.50,86.00,93.75,94.25,116.31,On,1.000
2026-01-20T12:06:37.192233,88.25,94.75,91.75,86.25,93.75,94.25,116.08,On,1.000
2026-01-20T12:06:39.192645,88.25,94.75,91.75,86.25,93.75,94.25,116.31,On,1.000
2026-01-20T12:06:41.193081,88.25,94.75,91.75,86.25,93.75,94.25,116.08,On,1.000
2026-01-20T12:06:43.193566,88.25,94.75,91.75,86.25,93.75,94.25,116.31,On,1.000
2026-01-20T12:06:45.194009,88.50,95.00,91.75,86.25,94.00,94.50,116.31,On,1.000
2026-01-20T12:06:47.194464,88.50,95.00,92.00,86.25,94.00,94.50,116.79,On,1.000
2026-01-20T12:06:49.194947,88.50,95.00,92.00,86.25,94.00,94.25,116.31,On,1.000
2026-01-20T12:06:51.195395,88.50,95.00,92.00,86.50,94.00,94.50,116.55,On,1.000
2026-01-20T12:06:53.195823,88.50,95.25,92.00,86.50,94.00,94.50,116.31,On,1.000
2026-01-20T12:06:55.196266,88.50,95.25,92.00,86.50,94.00,94.50,116.55,On,1.000
2026-01-20T12:06:57.196734,88.50,95.25,92.00,86.50,94.00,94.50,116.31,On,1.000
2026-01-20T12:06:59.197253,88.75,95.25,92.00,86.50,94.00,94.50,116.31,On,1.000
2026-01-20T12:07:01.197711,88.75,95.25,92.00,86.50,94.00,94.75,116.55,On,1.000
2026-01-20T12:07:03.198144,88.75,95.25,92.25,86.75,94.00,94.75,116.55,On,1.000
2026-01-20T12:07:05.198584,88.75,95.25,92.25,86.75,94.25,94.75,116.79,On,1.000
2026-01-20T12:07:07.199045,88.75,95.50,92.25,86.75,94.25,94.75,116.55,On,1.000
2026-01-20T12:07:09.199512,88.75,95.50,92.25,86.75,94.25,94.75,116.79,On,1.000
2026-01-20T12:07:11.200018,88.75,95.50,92.25,87.00,94.25,94.75,116.55,On,1.000
2026-01-20T12:07:13.200467,89.00,95.50,92.50,87.00,94.25,94.75,116.79,On,1.000
2026-01-20T12:07:15.200889,89.00,95.50,92.50,87.00,94.25,94.75,116.79,On,1.000
2026-01-20T12:07:17.201307,89.00,95.50,92.50,87.00,94.50,94.75,117.03,On,1.000
2026-01-20T12:07:19.201733,89.00,95.50,92.50,87.00,94.50,94.75,116.79,On,1.000
2026-01-20T12:07:21.202240,89.00,95.50,92.50,87.00,94.50,94.75,116.55,On,1.000
2026-01-20T12:07:23.202742,89.00,95.50,92.50,87.00,94.50,95.00,117.03,On,1.000
2026-01-20T12:07:25.203197,89.25,95.50,92.50,87.25,94.50,95.00,116.79,On,1.000
2026-01-20T12:07:27.203618,89.25,95.50,92.75,87.25,94.50,95.00,116.79,On,1.000
2026-01-20T12:07:29.204071,89.25,95.75,92.75,87.25,94.50,95.00,116.79,On,1.000
2026-01-20T12:07:31.204562,89.25,95.75,92.75,87.25,94.50,95.00,117.03,On,1.000
2026-01-20T12:07:33.205058,89.25,95.75,92.75,87.25,94.75,95.00,117.03,On,1.000
2026-01-20T12:07:35.205552,89.50,95.75,92.75,87.25,94.75,95.00,117.03,On,1.000
2026-01-20T12:07:37.205985,89.25,95.75,92.75,87.50,94.75,95.25,117.03,On,1.000
2026-01-20T12:07:39.206413,89.50,95.75,93.00,87.50,94.75,95.25,117.03,On,1.000
2026-01-20T12:07:41.206825,89.50,95.75,93.00,87.50,94.75,95.25,117.27,On,1.000
2026-01-20T12:07:43.207320,89.50,95.75,93.00,87.50,94.75,95.25,117.03,On,1.000
2026-01-20T12:07:45.207805,89.50,96.00,93.00,87.50,95.00,95.25,117.03,On,1.000
2026-01-20T12:07:47.208288,89.75,96.00,93.00,87.50,95.00,95.50,117.03,On,1.000
2026-01-20T12:07:49.208735,89.75,96.00,93.00,87.50,95.00,95.25,117.27,On,1.000
2026-01-20T12:07:51.209101,89.75,96.00,93.00,87.75,95.00,95.50,117.52,On,1.000
2026-01-20T12:07:53.209579,89.75,96.00,93.25,87.75,95.00,95.50,117.52,On,1.000
2026-01-20T12:07:55.210065,89.75,96.25,93.25,87.75,95.00,95.50,117.27,On,1.000
2026-01-20T12:07:57.210551,89.75,96.25,93.25,87.75,95.00,95.50,117.52,On,1.000
2026-01-20T12:07:59.211035,89.75,96.25,93.25,87.75,95.25,95.50,117.52,On,1.000
2026-01-20T12:08:01.211458,90.00,96.25,93.25,87.75,95.25,95.50,117.52,On,1.000
2026-01-20T12:08:03.211835,90.00,96.25,93.25,88.00,95.25,95.50,117.27,On,1.000
2026-01-20T12:08:05.212310,90.00,96.25,93.25,88.00,95.25,95.75,117.76,On,1.000
2026-01-20T12:08:07.212811,90.00,96.50,93.25,88.00,95.25,95.50,117.27,On,1.000
2026-01-20T12:08:09.213497,90.00,96.25,93.25,88.00,95.25,95.75,117.52,On,1.000
2026-01-20T12:08:11.214022,90.25,96.50,93.50,88.00,95.25,95.75,117.52,On,1.000
2026-01-20T12:08:13.214518,90.25,96.50,93.50,88.00,95.50,95.75,117.76,On,1.000
2026-01-20T12:08:15.214949,90.25,96.50,93.50,88.00,95.50,95.75,117.76,On,1.000
2026-01-20T12:08:17.215443,90.25,96.50,93.50,88.00,95.50,95.75,118.01,On,1.000
2026-01-20T12:08:19.215947,90.25,96.50,93.50,88.25,95.50,95.75,118.01,On,1.000
2026-01-20T12:08:21.216431,90.25,96.50,93.50,88.25,95.50,95.75,117.76,On,1.000
2026-01-20T12:08:23.216846,90.25,96.50,93.75,88.25,95.50,95.75,117.76,On,1.000
2026-01-20T12:08:25.217260,90.25,96.50,93.50,88.25,95.50,95.75,117.76,On,1.000
2026-01-20T12:08:27.217668,90.50,96.50,93.75,88.25,95.50,95.75,118.01,On,1.000
2026-01-20T12:08:29.218102,90.50,96.50,93.75,88.25,95.50,95.75,118.76,On,1.000
2026-01-20T12:08:31.218623,90.50,96.50,93.75,88.50,95.50,96.00,118.01,On,1.000
2026-01-20T12:08:33.219118,90.50,96.50,93.75,88.25,95.75,96.00,118.01,On,1.000
2026-01-20T12:08:35.220756,90.50,96.50,93.75,88.50,95.75,96.00,118.26,On,1.000
2026-01-20T12:08:37.221172,90.50,96.50,93.75,88.50,95.75,96.00,118.01,On,1.000
2026-01-20T12:08:39.221590,90.50,96.50,93.75,88.50,95.75,96.00,118.01,On,1.000
2026-01-20T12:08:41.222069,90.50,96.75,93.75,88.50,95.75,96.00,118.01,On,1.000
2026-01-20T12:08:43.222556,90.75,96.75,94.00,88.50,95.75,96.00,118.26,On,1.000
2026-01-20T12:08:45.223033,90.75,96.75,94.00,88.50,96.00,96.25,118.01,On,1.000
2026-01-20T12:08:47.223488,90.75,96.75,94.00,88.50,96.00,96.25,118.26,On,1.000
2026-01-20T12:08:49.223915,90.75,96.75,94.00,88.75,96.00,96.25,118.01,On,1.000
2026-01-20T12:08:51.224339,90.75,96.75,94.00,88.75,96.00,96.25,118.26,On,1.000
2026-01-20T12:08:53.224836,91.00,96.75,94.00,88.75,96.00,96.25,118.51,On,1.000
2026-01-20T12:08:55.225300,91.00,97.00,94.25,88.75,96.25,96.25,118.26,On,1.000
2026-01-20T12:08:57.225800,91.00,96.75,94.25,89.00,96.25,96.25,118.26,On,1.000
2026-01-20T12:08:59.226246,91.00,97.00,94.25,89.00,96.25,96.25,118.51,On,1.000
2026-01-20T12:09:01.226640,91.00,97.00,94.25,89.00,96.25,96.50,118.26,On,1.000
2026-01-20T12:09:03.227061,91.00,97.00,94.25,89.00,96.25,96.50,118.76,On,1.000
2026-01-20T12:09:05.227531,91.00,97.00,94.25,89.00,96.25,96.50,118.51,On,1.000
2026-01-20T12:09:07.227972,91.25,97.00,94.25,89.00,96.50,96.50,118.51,On,1.000
2026-01-20T12:09:09.228490,91.25,97.00,94.50,89.25,96.50,96.50,118.51,On,1.000
2026-01-20T12:09:11.228904,91.25,97.00,94.50,89.25,96.50,96.50,118.76,On,1.000
2026-01-20T12:09:13.229319,91.25,97.25,94.50,89.25,96.50,96.50,118.51,On,1.000
2026-01-20T12:09:15.229705,91.25,97.25,94.50,89.25,96.50,96.50,118.76,On,1.000
2026-01-20T12:09:17.230088,91.50,97.25,94.50,89.25,96.50,96.50,118.76,On,1.000
2026-01-20T12:09:19.230572,91.50,97.25,94.50,89.25,96.50,96.50,118.51,On,1.000
2026-01-20T12:09:21.231061,91.50,97.25,94.50,89.25,96.50,96.50,119.02,On,1.000
2026-01-20T12:09:23.231506,91.50,97.25,94.50,89.50,96.50,96.75,118.76,On,1.000
2026-01-20T12:09:25.231922,91.50,97.25,94.75,89.50,96.50,96.50,118.76,On,1.000
2026-01-20T12:09:27.232359,91.50,97.25,94.75,89.50,96.75,96.75,119.02,On,1.000
2026-01-20T12:09:29.232803,91.50,97.50,94.50,89.50,96.75,96.75,119.02,On,1.000
2026-01-20T12:09:31.233300,91.50,97.50,94.75,89.50,96.75,96.50,119.02,On,1.000
2026-01-20T12:09:33.233789,91.50,97.50,94.75,89.50,96.75,96.75,119.02,On,1.000
2026-01-20T12:09:35.234191,91.75,97.50,94.75,89.75,96.75,96.75,118.76,On,1.000
2026-01-20T12:09:37.234558,91.75,97.50,94.75,89.75,96.75,96.75,119.27,On,1.000
2026-01-20T12:09:39.234988,91.75,97.50,94.75,89.75,96.75,96.75,118.76,On,1.000
2026-01-20T12:09:41.235480,91.75,97.50,94.75,89.75,96.75,96.75,119.02,On,1.000
2026-01-20T12:09:43.235980,91.75,97.50,94.75,89.75,96.75,96.75,118.76,On,1.000
2026-01-20T12:09:45.236465,91.75,97.50,95.00,89.75,97.00,96.75,119.02,On,1.000
2026-01-20T12:09:47.236897,91.75,97.75,95.00,90.00,97.00,96.75,119.02,On,1.000
2026-01-20T12:09:49.237270,91.75,97.75,95.00,90.00,97.00,97.00,119.27,On,1.000
2026-01-20T12:09:51.237728,91.75,97.75,95.00,90.00,97.00,97.00,119.27,On,1.000
2026-01-20T12:09:53.238217,92.00,97.75,95.00,90.00,97.00,97.00,119.02,On,1.000
2026-01-20T12:09:55.238760,92.00,97.75,95.00,90.00,97.00,97.00,119.02,On,1.000
2026-01-20T12:09:57.239204,92.00,98.00,95.00,90.00,97.25,97.00,119.02,On,1.000
2026-01-20T12:09:59.239626,92.00,98.00,95.25,90.25,97.25,97.00,119.02,On,1.000
2026-01-20T12:10:01.240017,92.00,98.00,95.25,90.25,97.25,97.00,119.27,On,1.000
2026-01-20T12:10:03.240516,92.00,98.00,95.25,90.25,97.50,97.00,119.53,On,1.000
2026-01-20T12:10:05.241060,92.25,98.00,95.25,90.25,97.25,97.25,119.02,On,1.000
2026-01-20T12:10:07.241650,92.25,98.00,95.25,90.25,97.50,97.25,119.53,On,1.000
2026-01-20T12:10:09.242117,92.25,98.00,95.25,90.25,97.50,97.25,119.53,On,1.000
2026-01-20T12:10:11.242586,92.25,98.00,95.50,90.50,97.50,97.25,119.53,On,1.000
2026-01-20T12:10:13.243027,92.25,98.00,95.50,90.50,97.50,97.25,119.27,On,1.000
2026-01-20T12:10:15.243474,92.25,98.00,95.50,90.50,97.50,97.25,119.53,On,1.000
2026-01-20T12:10:17.243931,92.25,98.00,95.50,90.50,97.50,97.25,119.27,On,1.000
2026-01-20T12:10:19.244415,92.50,98.25,95.50,90.50,97.50,97.25,119.53,On,1.000
2026-01-20T12:10:21.244851,92.50,98.25,95.50,90.50,97.50,97.25,119.79,On,1.000
2026-01-20T12:10:23.245199,92.50,98.25,95.50,90.75,97.50,97.25,119.53,On,1.000
2026-01-20T12:10:25.245629,92.50,98.25,95.50,90.75,97.50,97.25,119.53,On,1.000
2026-01-20T12:10:27.246107,92.50,98.25,95.75,90.75,97.50,97.50,119.53,On,1.000
2026-01-20T12:10:29.246600,92.50,98.25,95.75,90.75,97.50,97.50,119.53,On,1.000
2026-01-20T12:10:31.247085,92.50,98.25,95.75,90.75,97.50,97.25,119.79,On,1.000
2026-01-20T12:10:33.247580,92.75,98.25,95.75,90.75,97.75,97.50,119.79,On,1.000
2026-01-20T12:10:35.248032,92.75,98.25,95.75,91.00,97.50,97.50,119.53,On,1.000
2026-01-20T12:10:37.248482,92.75,98.50,95.75,91.00,97.75,97.50,119.53,On,1.000
2026-01-20T12:10:39.249022,92.75,98.25,95.75,91.00,97.75,97.50,119.53,On,1.000
2026-01-20T12:10:41.249563,92.75,98.50,96.00,91.00,97.75,97.50,119.53,On,1.000
2026-01-20T12:10:43.250092,92.75,98.50,96.00,91.00,97.75,97.50,119.53,On,1.000
2026-01-20T12:10:45.250576,92.75,98.50,96.00,91.00,97.75,97.50,119.79,On,1.000
2026-01-20T12:10:47.251068,93.00,98.50,96.00,91.00,97.75,97.75,119.79,On,1.000
2026-01-20T12:10:49.251563,93.00,98.50,96.00,91.25,98.00,97.75,120.05,On,1.000
2026-01-20T12:10:51.252104,93.00,98.50,96.00,91.25,98.00,97.75,119.79,On,1.000
2026-01-20T12:10:53.252649,93.00,98.50,96.00,91.25,98.00,97.75,119.79,On,1.000
2026-01-20T12:10:55.253160,93.00,98.50,96.25,91.25,98.00,97.75,119.79,On,1.000
2026-01-20T12:10:57.253619,93.00,98.50,96.00,91.25,98.00,98.00,119.79,On,1.000
2026-01-20T12:10:59.254084,93.00,98.50,96.00,91.25,98.00,97.75,120.05,On,1.000
2026-01-20T12:11:01.254592,93.25,98.50,96.00,91.25,98.00,98.00,120.05,On,1.000
2026-01-20T12:11:03.255061,93.25,98.50,96.00,91.50,98.00,98.00,119.79,On,1.000
2026-01-20T12:11:05.255599,93.25,98.50,96.00,91.50,98.00,98.00,120.05,On,1.000
2026-01-20T12:11:07.256864,93.25,98.50,96.00,91.50,98.00,98.00,120.05,On,1.000
2026-01-20T12:11:09.257313,93.50,98.50,96.00,91.50,98.25,98.00,119.79,On,1.000
2026-01-20T12:11:11.257731,93.50,98.50,96.00,91.50,98.00,98.00,120.05,On,1.000
2026-01-20T12:11:13.258182,93.50,98.50,96.25,91.50,98.25,98.00,120.05,On,1.000
2026-01-20T12:11:15.258627,93.50,98.50,96.25,91.50,98.25,98.00,120.05,On,1.000
2026-01-20T12:11:17.259110,93.50,98.75,96.25,91.75,98.25,98.00,120.32,On,1.000
2026-01-20T12:11:19.259603,93.50,98.75,96.25,91.75,98.25,98.25,120.32,On,1.000
2026-01-20T12:11:21.261713,93.50,98.75,96.25,91.75,98.25,98.25,120.05,On,1.000
2026-01-20T12:11:23.262117,93.50,98.75,96.25,91.75,98.25,98.25,120.32,On,1.000
2026-01-20T12:11:25.262552,93.75,98.75,96.25,91.75,98.25,98.25,120.05,On,1.000
2026-01-20T12:11:27.262997,93.75,98.75,96.25,91.75,98.25,98.25,120.32,On,1.000
2026-01-20T12:11:29.263619,93.75,98.75,96.25,91.75,98.25,98.25,120.32,On,1.000
2026-01-20T12:11:31.264152,93.75,98.75,96.25,92.00,98.25,98.25,120.32,On,1.000
2026-01-20T12:11:33.264579,93.75,98.75,96.50,92.00,98.25,98.25,120.59,On,1.000
